:020000040800F2
:108000000000022059BB00086D8C0008718C00082C
:10801000758C0008798C00087D8C00080000000039
:10802000000000000000000000000000818C00083B
:10803000858C000800000000898C00089DBB0008AA
:108040009DBB00089DBB00089DBB00089DBB0008B0
:108050009DBB00089DBB00089DBB00089DBB0008A0
:108060009DBB00089DBB00089DBB00089DBB000890
:108070009DBB00089DBB0008F5A900089DBB00083A
:108080009DBB00089DBB00089DBB00089DBB000870
:108090009DBB00089DBB00089DBB00089DBB000860
:1080A0009DBB00089DBB00089DBB00089DBB000850
:1080B0009DBB00089DBB00089DBB00089DBB000840
:1080C0009DBB00089DBB00089DBB00089DBB000830
:1080D0009DBB00089DBB00089DBB00089DBB000820
:1080E0009DBB00089DBB00089DBB00089DBB000810
:1080F0009DBB00089DBB00089DBB00089DBB000800
:108100009DBB00089DBB00089DBB00089DBB0008EF
:108110009DBB00089DBB00089DBB00089DBB0008DF
:108120009DBB00089DBB00089DBB00089DBB0008CF
:108130009DBB00089DBB00089DBB00089DBB0008BF
:108140009DBB00089DBB00089DBB00089DBB0008AF
:108150009DBB00089DBB00089DBB00089DBB00089F
:108160009DBB00089DBB00089DBB00089DBB00088F
:108170009DBB00089DBB00089DBB00089DBB00087F
:108180009DBB00089DBB000800000000000000002F
:1081900010B5044601F048FE2022002104F1100031
:1081A00003F0FEFC00234FF07C5200214FF0FF3023
:1081B00022636263A363E363A4F840106064A26473
:1081C000E26423656365A4F85810E0652266626680
:1081D000A366E366A4F870106067A267E267C4F85C
:1081E0008030C4F88430A4F88810C4F88C00C4F837
:1081F0009030C4F89430C4F89830C4F89C3084F8B7
:10820000A01010BDF8B52B4D04462DED028B95F84E
:108210002010284600F00EFB95F821102846B0EEFD
:10822000408A00F007FB00274FF0FF3695F8221038
:1082300084ED0C8A284684ED0D0AA4F8407066642B
:1082400000F0F8FA95F823102846F0EE408A00F086
:10825000F1FA95F82410C4ED128A284684ED130A29
:10826000A4F85870E66500F0E5FA95F82510284660
:10827000B0EE408A00F0DEFA95F8261084ED188AF8
:10828000284684ED190AA4F87070666700F0D2FAE7
:1082900095F82710F0EE408A284600F0CBFAC4ED9E
:1082A0001E8ABDEC028B84ED1F0AA4F88870C4F806
:1082B0008C60F8BD9CD000088389C1890289B0F820
:1082C0000AC090ED0B4ADFED3F7AD0ED084AD0EDC1
:1082D0000A3A90ED095AD0ED065A90ED076AD0EDB2
:1082E000046A90ED057A2DED048B00EE101A08EE6D
:1082F000103A00EE902A8388C188028801EE10CAE5
:10830000F8EE488AB0F802C0B8EE408A01EE903A22
:10831000B8EE600A02EE901AB0EE449A98EE279AF0
:10832000F8EE410A03EE102AB0EE648A02EE10CA9B
:1083300090EE278AB8EE611AF0EE639AF8EE621AB0
:10834000B0EE450AD8EEA79AF8EE432A90EEA70AB7
:10835000F0EE658AF0EE460AB8EE422AD1EE278AA0
:10836000D1EEA70AB0EE661AF0EE471A92EEA71AFF
:10837000D2EE271ADFED142A9FED143AE9EEA23A65
:10838000A9EE224AE8EE835AE8EE224ABDEC048BBD
:10839000A0EE225AA0EE836AE1EE036AA1EE837A90
:1083A000C0ED0A3A80ED0B4AC0ED084A80ED095A4B
:1083B000C0ED065A80ED076AC0ED046A80ED057ACB
:1083C000704700BF00008037D044D83C0AD7A33D97
:1083D0002DE9F0412DED088B15460E46FFF76CFF99
:1083E000436C90ED067AD0ED077A90ED046A90ED3B
:1083F0000A9AD0ED0B9A90ED08AAD0ED09AAF6EEF4
:10840000006A9D4236EEC70A36EEE78A36EEC6BAF5
:10841000044600EB050818D000EB8502002782ED2A
:108420000E9AF0EE490A88F84070456439EE601AF9
:10843000DFEDDE1AB4EEE11AF1EE10FA40F3A0819E
:108440004FF0010C88F840C004E098F84000002884
:1084500000F0BE8104EB850E8EED0C9AD4ED0C2A53
:1084600030EE223AB5EEC03AF1EE10FA00F19B81FF
:10847000F7EE003AB4EE633AF1EE10FACCBFF0EE4C
:10848000638AF0EE438ACA4F304697F8201000F016
:10849000B9F997F82110C0ED008A3046D4ED0DBA35
:1084A00000F0B0F9E36DC0ED00BA9D4219D004EBC5
:1084B00085024FF0000CC2ED149AB0EE694A88F8BC
:1084C00058C0E56579EEC44A9FEDB85AF4EEC54A46
:1084D000F1EE10FA40F32F814FF0010E88F858E0CA
:1084E00004E098F85800002800F0778104EB850339
:1084F000C3ED129AD4ED126A78EE267AF5EEC07AC0
:10850000F1EE10FA00F14C81B7EE007AF4EE477A02
:10851000F1EE10FACCBFB0EE478AB0EE678A97F85A
:108520002210304600F06EF997F8231080ED008A93
:108530003046D4ED138A00F065F9C0ED008A606F13
:10854000854218D004EB850C4FF0000E8CED1AAA72
:10855000B0EE4A6A88F870E065673AEE460ADFEDE9
:10856000930AB4EEE00AF1EE10FA40F3FD80012325
:1085700088F8703004E098F87010002900F023812A
:1085800004EB850080ED18AAD4ED181A3BEE21BA51
:10859000B5EEC0BAF1EE10FA00F1FF80B7EE002A96
:1085A000B4EE42BAF1EE10FACCBFF0EE42BAF0EE01
:1085B0004BBA97F82410304600F024F997F82510AC
:1085C000C0ED00BA304694ED198A00F01BF9D4F8DA
:1085D0008C1080ED008A8D4218D004EB850E0023AC
:1085E000CEED20AAF0EE6A2A88F88830C4F88C50C4
:1085F0003AEEE23ADFED6D3AB4EEE33AF1EE10FA1C
:1086000040F3A680012088F8880004E098F88820CC
:10861000002A00F0E78004EB8505C5ED1EAA9FED5A
:10862000655AD4ED1E4A74EE855AF4EEC55AF1EE41
:1086300010FA00F1C580F7EE006AF4EE665AF1EE2A
:1086400010FACCBFF0EE668AF0EE658A97F8261035
:10865000304600F0D7F897F82710C0ED008A304672
:10866000E66F00F0CFF80660D4ED247A9FED527AE1
:1086700039EE676AB4EEC76AF1EE10FA55DC37EEF0
:10868000C90AB4EEC70AF1EE10FA4EDC94ED259A51
:10869000DFED490A39EEC91AB4EEE01AF1EE10FA2C
:1086A0003DDC79EE691AF4EEE01AF1EE10FA36DCF0
:1086B000D4ED269A9FED40BA3AEE692AB4EECB2A61
:1086C000F1EE10FA25DC79EECABAF4EECBBAF1EE8F
:1086D00010FA1EDC94ED27AA9FED378A7AEECA2A9B
:1086E000F4EEC82AF1EE10FA06DC3AEE6A3AB4EE7D
:1086F000C83AF1EE10FA05DD4FF0010884F8A080C9
:10870000C4ED27AABDEC088B2046BDE8F04101F07E
:1087100033BC012284F8A02084ED26AADAE70121E7
:1087200084F8A010C4ED259AC2E7012784F8A07050
:1087300084ED249AAAE7DFED215AF4EEE54AF1EE42
:1087400010FA7FF5D7AE4FF0010E88F858E0CDE66D
:108750009FED1A4AB4EEC43AF1EE10FA7FF55FAF1E
:10876000012088F8880056E79FED141AB4EEC10A7C
:10877000F1EE10FA7FF508AF012388F87030FFE6BC
:108780009FED0E2AB4EEC21AF1EE10FA7FF566AE36
:108790004FF0010C88F840C05CE6DFED06BA08E750
:1087A0009FED048ABBE6DFED038A6CE60AD7A33BA4
:1087B0009CD00008000000000AD7233C0AD7A3BBC6
:1087C000F0EE458A42E704EB850292ED1A6AC4E6B0
:1087D00004EB8501D1ED0E0A28E604EB850191ED4D
:1087E000144A6FE604EB850CDCED202A00E700BF9D
:1087F0000346002290F8A00083F8A020704700BF35
:10880000704700BF0139062906D8DFE801F00608E5
:108810000A0C0E1004001C307047043070470830FA
:1088200070470C3070471030704714307047183064
:10883000704700BF07291DD8DFE801F0070A0D10B7
:108840001316190490ED070A704790ED000A70475F
:1088500090ED010A704790ED020A704790ED030A0F
:10886000704790ED040A704790ED050A704790ED4F
:10887000060A70479FED010A704700BF0000000024
:10888000F8B505460E461C46174602F085F9681CE9
:1088900002F0D8F80023C5E902672C612B75EB8242
:1088A0002B83074D0FCDA446ACE80F0095E80F00D1
:1088B0008CE80F003046BDE8F840FFF7A3BC00BFCE
:1088C0009CD0000810B5044602F07CF92378ABB9BF
:1088D000217DA06881B3FFF78BFFA0BBE08A617E9A
:1088E0004FF6FF7C604518BF01304FF0010218BF02
:1088F000E082227529B15020024613E00020607604
:108900002075E368DFED117A03F5B43E9EED757ACC
:10891000B4EEE77AF1EE10FACCBF4FF0FF31002150
:10892000CAB200200021A070E0706270A180601CBB
:10893000BDE8104002F0FCB84FF48073E18223835D
:10894000FFF756FFCAE701222276C7E73333733FAA
:10895000F8B5BF4C06460D460146BE481746FFF720
:108960004FFFBC48627EBC49FFF732FD2046FFF74F
:10897000A9FF002F00F062813046BE00321F91082F
:10898000B64C013111F0030200EB870C23464FD0A7
:10899000012A32D0022A18D0B0F90030B0F9021002
:1089A0009FEDAF7A07EE903A01EE101AB8EEE70AA3
:1089B000F8EEC11A60EE070A21EE872AC4ED000A1C
:1089C000043084ED012A04F10803B0F90020B0F965
:1089D00002E0DFEDA32A03EE102A04EE90EAF8EE9F
:1089E000C33AB8EEE45A23EEA24A65EE225A83ED6A
:1089F000004AC3ED015A04300833B0F90010B0F951
:108A000002209FED976A06EE901A00EE102AB8EE4B
:108A1000E67AF8EEC00A67EE067A20EE861A04308F
:108A20008445C3ED007A83ED011A03F1080356D0A3
:108A3000B0F900E0B0F90210B0F90420DFED882AA7
:108A400001EE90EA02EE101AB0F906E0B0F9081053
:108A500003EE902AB0F90A2005EE10EA05EE901A0E
:108A6000B0F90CE0B0F90E1006EE102A06EE90EA0E
:108A700007EE101AB8EEE13AB8EEC24AF8EEE34A51
:108A8000F8EEC57AB8EEE50AF8EEC60AB8EEE61AD0
:108A9000F8EEC71A23EE222A64EEA23A24EE223A16
:108AA00060EE224A27EEA24A20EEA25A61EE225A36
:108AB000103061EEA22A83ED002A83ED013AC3ED66
:108AC000023A83ED034AC3ED044A83ED055A844517
:108AD00003F1200343ED025A43ED012AA8D1614876
:108AE00000F02CF93A465D495E4800F015FB73072B
:108AF00005EB060738D594ED000AD4ED017A9FED19
:108B00005A5AF3EE0B6AB2EE026AF0EE660AB0EE63
:108B1000661AE0EE000A0435AF42A7EEA71A04F188
:108B2000080420EE067A67EE861AB0EE662AA0EEFA
:108B3000072AE7EEA16A20EE203A67EE813A83EE3B
:108B4000024AC3EEA64A64EE055A64EE852ABDEEDB
:108B5000E50AFDEEE27A10EE100A17EE906A25F8AB
:108B6000040C25F8026C68D0D4ED000A94ED016A7B
:108B7000D4ED026A94ED037AB3EE0B0AF2EE023AF8
:108B800020EEA34AF0EE401AB0EE402AF0EE402A62
:108B900066EE234A26EEA31AE0EEA01A2B1D083536
:108BA000A6EE062A1034E6EEA62AF0EE407AE0EEB3
:108BB000847A27EE235AB0EE403AF0EE403AB0EE17
:108BC000404AE6EE243AA6EE814AA7EE073AA7EE1F
:108BD000050A60EEA15A66EEA26A66EE020AC5EECA
:108BE000A71A80EEA32A86EE846A27EE037AC7EEE0
:108BF000002A9FED1D0A61EE804A22EE001A26EE41
:108C0000003A62EE807ABDEEE45AFDEEC13ABDEE66
:108C1000C34AFDEEE75A15EE102A13EE901A14EE31
:108C200010CA15EE90EA25F8082C25F8061C25F840
:108C300004CCAF42A3F802E096D1F8BD094800F099
:108C40007DF83A4605490748BDE8F84000F064BAA7
:108C50000401002020010020A06B01200000002062
:108C600000000038C401002000FEFF46704700BF2E
:108C7000FEE700BFFEE700BFFEE700BFFEE700BF64
:108C8000704700BF704700BF704700BF10B51F4856
:108C900082B0012101F0A4FF0121022002F066FC54
:108CA00001244FF080731A486946CDE9004302F071
:108CB000C3F99FED180A1849184800F079F91848C7
:108CC000FFF766FA154A174B15491748FFF7D8FD05
:108CD00021460F4802F0C2FA0146003918BF0121AF
:108CE00012484BF6803201F0B3FC00B9FEE7104A9F
:108CF0000E48202101F0F6FC00B9FEE70B481821D0
:108D000002B0BDE8104001F06BBD00BFC06B012098
:108D10000004024000803B4700000010C401002016
:108D200020010020A06B012004010020C46B012061
:108D30005189000808B5FFF7A9FFFEE738B500F52F
:108D4000B034054604F6EC1304F6DC1093ED006A2B
:108D5000D0ED007A9FED8C7AF6EE006A26EE070AD7
:108D6000F4EEE67A04F5176204F67411F1EE10FAE7
:108D70002DED048BC2ED006A81ED000A40F1E9801F
:108D8000B0EE004AF7EE004AE7EEC44A9FED7F5A84
:108D900064EE853AB6EE083A9FED7D8A04F6881CAB
:108DA00004F6781E26EE480ACCED003A8EED003A25
:108DB00002F0BAFFB2EE049A04F51D63D3ED008A07
:108DC00060EE099A04F6E81089EEA86A04F68412A7
:108DD000D0ED006A82ED006AF5EEC06AF1EE10FA9D
:108DE00000F1CA80B7EE000AF4EEC06AF1EE10FAA4
:108DF00040F3A2809FED671AF0EE405AF0EE406A11
:108E000004F6F811D1ED001A9FED632AF1EEE52A80
:108E100004F5196C04F6981E04F69413CCED006A60
:108E2000B1EEC13A21EE820ACEED002A83ED003A7E
:108E300002F07AFFF1EE043A20EE234A9FED579AB2
:108E40009FED576A64EE094A04F6F41084EEA88A8E
:108E500004F51E6204F67C1104F5186390ED005AC7
:108E600092ED000A81ED008A65EE059AF1EE087A2E
:108E700029EE867A20EE270A83ED007A02F054FF6D
:108E8000DFED480ADFED486A20EE201A04F51F6086
:108E9000B4EEE61AF1EE10FAD4BF21EE091A9FEDF6
:108EA000431AD0ED005A81EE289AF1EE061AB0EE80
:108EB000490AB6EE008AA5EEA18A02F0FBFEF0EEAA
:108EC000408AB0EE490A02F0BDFE78EE082AB7EEFD
:108ED000002A88EEA23A04F69C1304F51A6104F6FF
:108EE000A41204F6A81004F6AC1472EE403A33EE65
:108EF000025AB6EE004AC2EE050A63EE849AF8EE14
:108F0000004A29EEA07ABDEC048B20EE240A72EE12
:108F1000437A20EEA36A60EE205A27EEA01A83ED72
:108F2000007A81ED006A82ED007AC0ED005A84ED8E
:108F3000001A85ED0A2A38BDB0EE007AF0EE087A04
:108F4000E6EEC77A66EEA60A60EEA75A30EE651A1C
:108F500056E777EEE60AF5EE005A30EEA01AF0EE8C
:108F6000001A21EE252A71EEC12AB6EE083AA2EEC9
:108F7000223ADFED083A0FE7DFED065AB7EE001AA6
:108F8000F0EE656A3CE700BF000016453333333F1F
:108F9000713D8A4000000000713DAA40DB0FC940CE
:108FA000CDCCCC3D00007A4300007A467C59C447C2
:108FB0002DE9F84300F5B034054604F6D41308460D
:108FC00004F6D811002704F51D6888ED000A4FF457
:108FD00000421F600F606860002102F0E1FD28463A
:108FE000002640F82C6B3146EE624FF44852466042
:108FF0008660C660EE632E646E64AE6405F15C004C
:1090000002F0CEFD05F5495031464FF485421C3043
:1090100002F0C6FD05F5E94031464FF4A7425C3049
:1090200002F0BEFD05F5484031464FF4CA425C30BF
:1090300002F0B6FD4FF4F05905F59633C3E95766D3
:10904000C3E9596603F5B6704A46314602F0A8FDF9
:1090500005F5A53031464A4600F5B67002F0A0FD90
:10906000D8ED007A9FED2A0AC4F86C6904F68C18D2
:109070004FF08A42EA6480EE270AC8F8007002F0D6
:10908000E1FD04F6BC1604F6B81904F6B41304F5B1
:109090001B6004F6CC124FF07E51296504F6C81807
:1090A00004F6C41170EE000A85ED150AC5ED160A26
:1090B0003760C9F8007004F51C661F6004F6DC19FF
:1090C0000760176004F51E624FF07C532846114D6F
:1090D000C8F800700F6004F6E418376004F6E81171
:1090E000C9F8003004F6EC16156004F51F6904F6A3
:1090F000F41504F6F814C8F800300B603760C9F8AE
:1091000000702F602760BDE8F843FFF717BE00BF6F
:10911000BA1A513F9A99593F2DE9F04F00F5B03EE8
:109120002DED108B0EF51763D3ED007A9FED8D4A70
:10913000DFED8D6A9FED8D6AD0ED0B8A9FED8C7A05
:10914000DFED8C5A0EF6E41393ED002A0EF5186746
:109150000EF69418A3B097ED000AD8ED000A099115
:109160000EF674140EF678150EF698190EF6841A8B
:109170000EF69C170EF51A6872EE042A99ED001A85
:10918000DAED001A97ED003AD8ED003A94ED005A66
:1091900095ED00FACDED0B7A0EF67C1600F54954EC
:1091A00000F5E94596ED00BA8DED0C0A00F5903614
:1091B0000EF6881B0EF68C1C00F15C011C345C352D
:1091C0000EF6A4190EF6B413DBED004ACDED0D0A30
:1091D0008DED0E1ACDED0F1A9CED001A019121961E
:1091E000029403950EF51B6122EEA6CA8DED113A8D
:1091F00062EE866ACDED123A90ED136A99ED008A1F
:10920000009391ED00EA0099D0ED16CA91ED00DAD5
:109210008DED138A0EF6C41405940EF51C678DEDC2
:1092200007DA97ED00DA059F90ED0C8AD7ED001A6A
:1092300090ED0D0AD0ED0E0AD0ED0FAA90ED10AA18
:10924000D0ED119A90ED129AD0ED14EAD0ED15FA06
:10925000CDED10CA0EF6BC18D8ED007ACDED061A89
:1092600033460EF6A81A0EF6AC1B0EF6CC190EF607
:10927000B81C0EF6C8159BED004AD3F8683DD6F829
:1092800060BDDCED00DACDED047A62EE87BA22EE45
:10929000A57ADAED005AD6F85CADD6F8646DD5ED56
:1092A00000CA99ED002ADEF86C998DED052A541E4E
:1092B0000894002A00F09D85BDEEE62AFDEEEB7ACB
:1092C000F1EE652AFDEEC75AB1EE443ACDED1E2A05
:1092D000F8EEC22AFDEEE63ABDEECC4AFDEEC51A26
:1092E000BDEEC52A8DED1F3ACDED165ABDEEC73A3B
:1092F000FDEECC5ACDED1A7AFDEEEB7A76EEE26A0F
:10930000CDED143AF8EEC22AF8EEC33A8DED184AC4
:10931000CDED1C1AB8EEE54AF8EEE71ACDED156A68
:10932000F6EE006A0999009637EE637A3CEE44CA7D
:109330007BEEE1BA35EE625A66EEE44A00F5484249
:1093400002F15C0C0831D0E900248DED177A8DED27
:1093500019CACDED1BBA8DED1D5ACDED204ACDF8C1
:1093600028E0A4E3CDCCCC3E00B0314500288A45AE
:10937000009002450010624540F0AB84019D43F22D
:10938000FC1ED5ED002A189D019FF24EDDED1B3A23
:10939000ABEB050808F1FF35BE44DEED006A86FB45
:1093A00005E72F44EE17C6EB27384FF4855E36EEFF
:1093B000E23A0EFB1855002DE3EE232AC0F280841A
:1093C00040F09784029D44F27C2895ED003A029F7C
:1093D000009E169DDDED195AB844751BDE4F98EDC1
:1093E000007A6E1E87FB0675F717C7EBE5254FF46D
:1093F000A75E37EE434A0EFB1565002DA4EE253A15
:10940000C0F2558440F06D84039D45F27C3895EDA3
:10941000005A039F149DD14E9DED172AB8445F1B3F
:109420007D1E86FB0576D8ED001AEF17C7EBA62642
:109430004FF4CA5E71EEC5BA0EFB1655002DABEEA9
:10944000825AC0F22D8440F06684E04646F2FC4623
:1094500002F58C5566441A35D6ED007A9FEDC04A68
:10946000D8ED005ADFEDBF3ADDED156AC5F30C0605
:1094700004EB860EDEED001A32EE8C7A02F584578C
:10948000A1EE847A1B3702F59456C7F30C081B36FD
:1094900004EB8805C6F30C0785ED007A04EB870E14
:1094A000DEED00BA33EE0C2A02F58C55ABEEA32AA2
:1094B0001C3502F59C57E7EE231AC5F30C061C3742
:1094C000E2EE04BA04EB8608C7F30C0E77EEE54A29
:1094D00088ED002A04EB8E05E4EEA65A02F59456B8
:1094E0001D3671EEE84A7BEEC86AD5ED001A75EEBE
:1094F0000CBA02F5A455E1EE84BAC6F30C071D358B
:1095000004EB8708C5F30C06C8ED00BA04EB860E21
:109510009EED007ADFF844E235EE8CCAEBEEA31A3A
:1095200002F59C571E37A7EE23CAC7F30C0804EBBD
:10953000880571EEC07AACEE047A9FED8B4A85ED1A
:1095400000CAA6EE848AE4EE848AA7EE840A77EE47
:10955000603A78EEEA4AE3EE840A38EE4A2AEBEE05
:1095600024AAABEE02AA70EE696A70EEC91AEBEE9D
:10957000269A38EEEACA78EE4ABAABEE219A3CEE69
:109580006B7A70EE691A30EEC92A7BEE8C7A71EE36
:10959000873A77EE614A33EEC24A77EEE13A71EEEE
:1095A000A77A74EE826A73EEC24AD0ED0A3A37EEB9
:1095B000827AF6EE007A63EEA77ADFED6C3A67EE18
:1095C000A66A27EE277A27EE844A67EEA44AD0EDF2
:1095D0000A7ACDED096A76EE236AF7EE003A73EE69
:1095E000E73ADDED097AABEEA34AFDEEC6BAACEE82
:1095F000237A1BEE906A9F1B7D1E9FED5ECA8EFB39
:109600000586EF17F4EECC6AC7EBA6264FF4CA58CE
:10961000E1EEA34A08FB1655F1EE10FAF8EEEB1A4C
:10962000A8BF76EECC6A002DE2EE237A76EE613AA0
:10963000C0F2308340F06A83E64646F2FC46FDEE17
:10964000E6BA66441BEE905ADEED001A96ED002A4B
:10965000DFF808815E1B751E32EE61CA88FB058645
:10966000EF17C7EBA6264FF4CA5EE3EE8C1A0EFB8B
:109670001655002DF8EEEB3A36EEE3CAC0F204833D
:1096800040F03F83E04646F2FC466644D8ED00BA1F
:1096900096ED002A72EE6B3ABFEE002AECEE23BA8A
:1096A00002F5AC5504359FED32CA66EE0C3A66EE13
:1096B0008C6AB0EE00CAA3EE8C2AC5F30C0604EB4C
:1096C0008607B0EE00CAFFEE003AE6EE8C3A019D46
:1096D000029E0997B5EEC02AF1EE10FAF5EEC03AF7
:1096E00048BFB1EE422AF1EE10FAB7EE00CA48BF09
:1096F000F1EE633AF7EE006A76EEC26A7CEE633A08
:10970000B0EE6F2ADDED10FA63EEABBA9FEEAE2A33
:1097100000EB890808F5963EE6EEA1BA08F5A537F4
:1097200005EB8A08F6EE006AE2EE266A06EB8B0588
:10973000039EDDED0C1A6BEEA1FA36EE4C6A2FEEAD
:10974000A6CA35EE225A75EE835AF0EE4C2AB0EED8
:109750004C3A17E0993D60F6C3971B62CBF08D2819
:1097600014AE47BF14AE473F9A99193F000080449A
:109770000000003A00000045FFFF7F7F000000006E
:10978000333333BFAFEE073A0AF1010A0BF1010B95
:10979000EFEE042A09F101090831B0EE4C4AAFEEB0
:1097A000244AAFEE27CAB5EEC06AF1EE10FA9DED7D
:1097B0000F7A48BF5FED116AF7EE007A63EE033A65
:1097C00031EE071A62EEA2FA24EE047A6CEE0CBABD
:1097D000F0EE674AE3EEA34A48BF36EE266AF0EEA3
:1097E000671AF0EE676AF0EE673AEFEEAF1AF1EE45
:1097F000E4FAF1EEEF4AE7EE076AB1EEE17ABAF584
:10980000486FEBEEAB3AF1EEE33AA8BF4FF0000A37
:10981000C3EE24BAB1EEC73ABBF5855FA8BF4FF0DF
:10982000000BC2EE831AF1EEE62AF1EEE26AC4EE14
:1098300026FAB1EEE34A8CEE047AC8ED00BAC5ED23
:10984000001A009D9DED114ADDED133ADDED072A6A
:1098500006EB85082E460136B6F5A75FB4BF354640
:10986000002500950CEB8305C8ED00FA85ED007A24
:10987000D7ED5B4A9EED5BCA8EED5B5AC7ED5B5A36
:10988000099FDDED12FAD7ED00BA9DED1E7ABEEE0E
:10989000003AF0EE4C5AEBEE835A02F5A4561F360E
:1098A00002F5BD55F6EE001AC6F30C0E1535E5EEC1
:1098B000A1BA04EB8E08C5F30C07C8ED005A04EBFF
:1098C000870696ED005A02F5AC55E5EE21BA06354D
:1098D00002F5C756C5F30C07163604EB870EC6F320
:1098E0000C08CEED00BA04EB8805D5ED006AABEEAE
:1098F000835A02F5BD571737E6EE834A02F5D6556F
:10990000C7F30C062FEE8ECA1735A4EE05CA04EB7A
:10991000860EC5F30C07E4EEA16A04EB870802F596
:10992000C756CEED004AD8ED004ADDED04BADDEDB4
:10993000065A0A9F8DED07EAA3EEA2CA1836C6F3AF
:109940000C0EE4EEA16A013304EB8E05A7EE2DCADE
:10995000B3F5CA5FA8BF0023E6EE834AB9F5F06FFE
:10996000A8BF4FF000099DED1F3ADDED051AC5EDCA
:10997000006AABEE83CA07F6D818089ECDED04DA6C
:109980006DEE2FBA5FED84FA8DED06DAE4EE24BABF
:10999000751E0895F0EECC6AE3EEA5BAF4EE6F6A98
:1099A000E7EE2CBA5FED8B3ACDED05CAE1EE83BA56
:1099B000F1EE10FAB0EEEB4AB4EE6F4A94BFB0EE9F
:1099C0004C7AB0EE637AF1EE10FAB4EEE71A98BF73
:1099D000F0EE6B3AF1EE10FAA8BF31EE671AF6EE30
:1099E000007A71EE672AB1EE003AF5EEC02AF1EE88
:1099F00010FA48BFF1EE622AFFEE005AE2EE835AF7
:109A0000F7EE00FA7FEEE56ADDED201A9DED0E3AE5
:109A100035EEAF4AF0EE6F7AE6EEA17AE4EE21FA87
:109A200027EE277A63EEAF2AB5EEC07AF1EE10FA90
:109A3000F5EEC02A4CBFF1EE473AF0EE473AF1EEB0
:109A400010FA4CBFB1EE624AB0EE624AF4EE443A0C
:109A5000F1EE10FAC8BFB0EE634AD8ED003AF4EE6A
:109A6000C43AF1EE10FA48BF88ED004A51ED046A9D
:109A700051ED037A9DED0D4A63EE075A63EE22FA2B
:109A8000E6EE845A0135E7EE84FA41ED045A41EDE1
:109A900003FAF0EE6EFA00F04481F0EE6BCAB0EE1D
:109AA00064DAF0EE4CDAB0EE45EAF0EE42EA551E2A
:109AB00043BF02F5FF521F3215462A460560D50600
:109AC00017D190ED033AD0ED073A90ED027AD0ED40
:109AD000065A90ED044A90ED08CA80ED023A93EEE2
:109AE000047AD3EE8C5AC0ED063A80ED037AC0EDCD
:109AF000075A51ED027A51ED011A1FEDE02A9DED52
:109B00000B5A1C9EDDED1D3A77EEA1BAF0EE422A0B
:109B1000EBEE852A1644C2F30C0E771C04EB8E087C
:109B2000C6F30C05C7F30C06C8ED002A04EB850E3E
:109B300004EB8608DEED004AD8ED006A1FEDF05A0E
:109B400036EEE43A02F64627E3EE234AC7F30C0565
:109B500004EB850696ED007AE2EE824A02F6611782
:109B6000C7F30C0EBEEE084AE7EE044A02F6F425EF
:109B700004EB8E08F6EE085AC5F30C06A4EEA57A9F
:109B800004EB860702F6482EC8ED004A97ED00CA9E
:109B9000DFEDA24AACEE257ACEF30C0802F65A5657
:109BA00004EB8805C6F30C07A7EE04CA04EB870E86
:109BB00002F6F62885ED007ADEED001AFEEE04BA14
:109BC000A1EEABCAC8F30C0502F61B77B6EE042A69
:109BD00004EB8506C7F30C0EECEE021A04EB8E08BC
:109BE00002F65C5586ED00CAD8ED007AE7EE821ADF
:109BF000C5F30C0602F5786E04EB8607CEF30C086D
:109C0000E1EEAB7A04EB880502F61D76C7ED001A8B
:109C1000D5ED002AE2EE857A02F584551935C6F3B2
:109C20000C07C5F30C061A9D04EB870EE7EEA42A79
:109C300004EB86087A4FCEED007AAAEB050E98ED7C
:109C400000CA0EF1FF3602F6827887FB0675C8F36C
:109C50000C07ECEE242A04EB870EF717C7EBA525BB
:109C60004FF4486808FB1565002DA2EE85CACEEDBD
:109C7000002ABFF681AB4544019EAF00A7F1040E58
:109C800006EB8505FFF77DBB7544AF000CEB85083F
:109C90003E1FFAE44544AF000CEB850E3E1FCEE4B8
:109CA0007544AF000CEB85083E1FFFF7D1BB754430
:109CB000039EAF00A7F1040806EB8505FFF7A7BBDD
:109CC0007544029EAF00A7F1040806EB8505FFF777
:109CD0007CBB019EAF00A7F1040E06EB8505FFF7E4
:109CE00050BB039EAF00A7F1040806EB8505FFF704
:109CF0008EBB029EAF00A7F1040806EB8505FFF7B7
:109D000064BBAF000CEB85083E1FBEE4AF000CEB5C
:109D1000850E3E1F93E4AF000CEB85083E1FFFF756
:109D200097BB009EDDF828E02199C0ED0B8A80EDFD
:109D3000129A80ED0C8A80ED0D0AC0ED0E0AC0ED7E
:109D40000FAA80ED10AAC0ED119A0EF6D81CC1F82A
:109D5000683D0EF6D413DCED008A93ED009AC1F84D
:109D60005CADF4EEC98AF1EE10FAD8BFDFED2D8AB2
:109D7000C1F860BDC1F8646D0EF68C1480ED136AF5
:109D800080ED142AC0ED15EA0EF51B620EF6B41034
:109D90000EF6B81A0EF6BC1B0EF51C670EF6C418AC
:109DA0000EF6C8160EF6CC1584ED001AD8BF69EE73
:109DB000288A82ED005A80ED00EA8AED00CACBEDD8
:109DC00000DAC7ED004A88ED00DAC6ED00BAC5ED4D
:109DD00000CACEF86C990EF6D4190EF6D81E0021E2
:109DE000C9ED008ACEF8001023B0BDEC108BBDE8A1
:109DF000F08FF0EE6CBAF0EE4D4AB0EE6DCAB0EEF8
:109E00004E5AB0EE6E2ADDED05CA9DED06DADDEDA7
:109E100004DA9DED07EAF0EE6FEA85E73333333F6E
:109E20001F85EB516666663F2DE9F04301219DB029
:109E300004464FF4800001F099FB0121084601F02F
:109E400095FB01214FF48070002501F0A7FB4FF036
:109E50000308FF2301A94548DFF8189101938DF805
:109E60000B508DF8088001F0E7F841480F944FF44B
:109E700000524FF480614FF48076CDE915264FF4FF
:109E8000003301260827CDE90D50CDE912514FF4DA
:109E900000640DA9484617931494CDE91057CDE9F5
:109EA0001A551895199601F071F83146484601F097
:109EB00099F84FF4403004904FF4706103A8069174
:109EC0000395059500F048FF0B9404F1804404F5D8
:109ED0008C3907A94846CDE909550795ADF82060AA
:109EE0008DF8307000F00EFF3246314648460723A9
:109EF00000F052FF022211464846072300F04CFFB3
:109F0000424648460723042100F046FF41464846A2
:109F10000723042200F040FF05221146484607238C
:109F200000F03AFF062211464846072300F034FFAE
:109F3000072329461A46484600F02EFF07231946F4
:109F40003A46484600F028FF3146484600F07EFF7A
:109F50003146484600F016FF3146484600F06CFF97
:109F6000484600F063FF1DB0BDE8F08300000240EA
:109F70004C20014010640240014800F057BF00BF70
:109F80000020014030B5012183B0224C062001F0B1
:109F9000EDFA214B4FF4406269462046CDE900239B
:109FA00001F04AF8204604220A2101F063F9042254
:109FB00020460B2101F05EF940F202254FF470407B
:109FC000CDE90005154D6946204601F035F84023DE
:109FD00069462846009301F02FF8204605220C21FF
:109FE00001F048F9204605220D2101F043F92046F1
:109FF00005220F2101F03EF9204605220E2101F035
:10A0000039F928460522062101F034F9012003B070
:10A0100030BD00BF000402400202010000080240FF
:10A0200070B5002084B014460E4601F099FA002065
:10A0300001F048FA4BF680339C420CD04AF644407B
:10A04000844267D0B4F5FA4F6AD038498C425BD06D
:10A05000002004B070BD03214FF4817001F028FA94
:10A06000012001F02FFA3B2001F0BCFA4FF480559B
:10A0700048BB3B2001F0B6FA02463B201ABB01F078
:10A08000B1FA03463B20F3B901F0ACFA01463B209C
:10A09000C9B901F0A7FA02463B20A2B901F0A2FA21
:10A0A00003463B207BB901F09DFA01463B2051B9A4
:10A0B00001F098FA02463B202AB901F093FA10B950
:10A0C000083DD6D1C4E701214FF4804001F05AFA8F
:10A0D000174801F0A1FA75020020AEB26946ADF84A
:10A0E0000200ADF80400ADF80C0011480294ADF880
:10A0F0000060ADF8066001F0F7FA0E48694601F01D
:10A1000077FB012004B070BD042140F2891001F0FA
:10A11000CFF9A5E7062140F20F1001F0C9F99FE73A
:10A1200004214FF4D57001F0C3F999E700770100DD
:10A13000003800400034004070B583480E464FF4AC
:10A140000031154601F098F94FF4961400283AD0E2
:10A150004FF400317C4801F08FF903464FF4003191
:10A16000794883B301F088F902464FF4003176480C
:10A170004AB301F081F903464FF40031724813B33A
:10A1800001F07AF902464FF400316F48DAB101F07C
:10A1900073F903464FF400316B48A3B101F06CF939
:10A1A00002464FF4003168486AB101F065F9034690
:10A1B0004FF40031644833B101F05EF918B1083C46
:10A1C000C6D1002070BD6048012101F01FF95F4930
:10A1D0005D4801F043F94FF48054002831D15B49C8
:10A1E000594801F03BF90246584957484ABB01F02B
:10A1F00035F90346554954481BBB01F02FF9024677
:10A2000052495148EAB901F029F903464F494E48ED
:10A21000BBB901F023F902464C494B488AB901F019
:10A220001DF90346494948485BB901F017F9024650
:10A23000464945482AB901F011F910B9083CCED178
:10A24000BFE741480022342101F0FCF840493E4874
:10A2500001F004F94FF48054002831D13C493A48C8
:10A2600001F0FCF803463A4937484BBB01F0F6F8D9
:10A270000246374934481ABB01F0F0F80346344926
:10A280003148EBB901F0EAF8024631492E48BAB933
:10A2900001F0E4F803462E492B488BB901F0DEF8B3
:10A2A00002462B4928485AB901F0D8F803462849F4
:10A2B00025482BB901F0D2F810B9083CCED180E77F
:10A2C000C5F3002141EA46041F48E1B201F0C4F899
:10A2D00020491D4801F0C2F84FF4805600283BD1B8
:10A2E0001C49194801F0BAF802461A491648002AD2
:10A2F00032D101F0B3F803461649134863BB01F0AD
:10A30000ADF804461349104834BB01F0A7F80246E3
:10A3100010490D4802BB01F0A1F803460D490A4857
:10A32000D3B901F09BF804460A490748A4B901F0E3
:10A3300095F802460749044872B901F08FF858B9F8
:10A34000083ECDD13DE700BF0058004001000300AA
:10A3500082000700800007003E48E9B201F07CF867
:10A360003D493C4801F07AF84FF48056002831D13D
:10A370003949384801F072F80546374935484DBB30
:10A3800001F06CF80346344932481BBB01F066F813
:10A39000044631492F48ECB901F060F802462E49D5
:10A3A0002C48BAB901F05AF805462B4929488DB90D
:10A3B00001F054F80346284926485BB901F04EF8ED
:10A3C0000446254923482CB901F048F810B9083E45
:10A3D000CED1F6E621491F4801F04EF84FF496160B
:10A3E000002831D11D491B4801F046F802461B499F
:10A3F00018484ABB01F040F80546184915481DBBEE
:10A4000001F03AF8034615491248EBB901F034F867
:10A41000044612490F48BCB901F02EF802460F4914
:10A420000C488AB901F028F805460C4909485DB97D
:10A4300001F022F80346094906482BB901F01CF83F
:10A4400010B9083ECED1BCE60248012100F0ECFF75
:10A45000012070BD0058004080000700040000107B
:10A4600070B515460E4600220F210446FFF764FE24
:10A4700008B9002070BD172200212046FFF75CFEBE
:10A480000028F6D0172201212046FFF755FE0028AC
:10A49000EFD0002202212046FFF74EFE0028E8D030
:10A4A000002203212046FFF747FE0028E1D01222B8
:10A4B00004212046FFF740FE0028DAD000220521C3
:10A4C0002046FFF739FE0028D3D08EBB422206215A
:10A4D0002046FFF731FE0028CBD04222072120463C
:10A4E000FFF72AFE0028C4D04AF644439D421BD001
:10A4F00014DCB5F5FA5F19D0B5F5FA4F14BF002298
:10A50000182208212046FFF717FE0028B1D0204668
:10A510000022BDE870400921FFF70EBE0F4A9542A8
:10A520000CBF1C220022ECE72022EAE70C22E8E71D
:10A53000622206212046FFF7FFFD002899D0022263
:10A5400007212046FFF7F8FD002892D04AF6444044
:10A55000291AB1FA81F56E097201D2E7007701007C
:10A560002DE9F84F344E044601214FF4001000F05D
:10A57000FDFF0021304600F035FD304600F070FC54
:10A580002E4A002540234FF4806B4FF4006A4FF4AD
:10A5900000594FF480784FF400374FF6FE70C4E94D
:10A5A0000753C4E90552C4E90905C4E91055C4E9D3
:10A5B0001255C4E90CA9C4E90E87C4F82CB0304682
:10A5C00004F11401183E00F0E1FC2946304600F089
:10A5D00009FD304600F044FC194A6566C4E9165589
:10A5E000C4E91F55C4E921554FF6FE714FF0C0650F
:10A5F000C4E91452C4E91ABAC4E91D872166C4F833
:10A60000709004F15001304600F0C0FC0D4C304613
:10A610000122182100F0F0FC4FF4804323600A4827
:10A620000122022101F012F901220848114601F02D
:10A630000DF90120BDE8F88F706002400C38004031
:10A640000C34004000E100E00038004000340040DD
:10A6500070B51F4B84B01860002303614260017025
:10A6600004460E461546FFF78DFC10B9002004B0D5
:10A6700070BD01214FF4800000F084FF154800F008
:10A680000DFE154A1548164B00934FF48041CDE955
:10A690000120ADF80C100F48694600F035FE0D485A
:10A6A000012100F0A5FE2A4631462046FFF7B8FCFE
:10A6B0000028DBD02A4631462046FFF7D1FE00288D
:10A6C000D4D0204604B0BDE87040FFF749BF00BFBA
:10A6D00050840120005800400000FFBF33000004F8
:10A6E000A0860100F8B517460E460122092104464E
:10A6F000FFF722FD054600283DD0602E53D8237871
:10A70000002B3AD030482761818B4A0555D52F4818
:10A71000828B53054DD5207804F18C0704F68C43C9
:10A72000E761A365B70078B962684BF6803C624583
:10A730003CD027498A4244D0B2F5FA4F04D106EB07
:10A7400046008700032300E00123E3602148A66060
:10A7500004F114016762276600F018FC1E4804F13A
:10A76000500100F013FC1B48012100F03BFC1A488B
:10A77000012100F037FC2846F8BD18484FF48051FD
:10A7800000F06CFD0028F8D114484FF4805100F01F
:10A7900065FD0028B6D111484FF4805100F05EFDF0
:10A7A0000028F1D0AEE700252846F8BDF7000223C7
:10A7B000CBE7012101F00EF8ADE7012101F00AF825
:10A7C000A5E737010423C0E700380040003400400B
:10A7D00000770100706002405860024000040240AF
:10A7E00038B58CB2224600210546FFF7A5FC00B91A
:10A7F00038BD224628460121BDE83840FFF79CBC01
:10A800000369002B00F0E8802DE9F041D0E9022631
:10A8100002FB01F106FB01F4A400054604F68C409E
:10A820008C3428442C44002E6CD05100012969D965
:10A8300000EB820EAEF1020EAEEB000CACF10207A3
:10A840004FEA570808F1010C770000EB46011CF0B5
:10A85000070680462CD0012E23D0022E1CD0032EBA
:10A8600015D0042E0ED0052E07D0062E40F0BB804A
:10A87000B1F9006028F8026F3944B1F900C028F836
:10A8800002CF3944B1F9006028F8026F3944B1F9B8
:10A8900000C028F802CF3944B1F9006028F8026FEF
:10A8A0003944B1F900C028F802CFF045394429D025
:10A8B000B1F90060A8F8026031F907C0A8F804C037
:10A8C00031F91760A8F8066001EB470101EB470674
:10A8D00031F907C0A8F808C031F91710A8F80A1014
:10A8E00036F907C0A8F80CC036F91710A8F80E10F2
:10A8F00006EB470606EB470136F907C028F810CFEC
:10A90000F045D5D121469847EA68002A62D0A86868
:10A9100083009E1E04EB800702FB06430234C2EB59
:10A92000C2753A1B901E69004508013515F00706EF
:10A9300027D0012E1FD0022E19D0032E13D0042EA3
:10A940000DD0052E06D0062E47D137F9028DA3F87B
:10A9500000800B4437F902CDA3F800C00B4437F94F
:10A96000022D1A800B4437F9020D18800B4437F979
:10A97000025D1D800B4437F9026D1E80BC420B4402
:10A9800028D037F902ECA3F800E037F9048C23F85B
:10A99000018037F9062C23F8112003EB410C37F91D
:10A9A000083C2CF8013037F90A0C2CF811000CEB9C
:10A9B000410537F90C6C6E5237F90E2C25F8112031
:10A9C00037F9103D05EB410EBC422EF801300EEB7D
:10A9D0004103D6D1BDE8F081704737F902EDA3F805
:10A9E00000E00B44B1E7B1F900C028F802CF3944C8
:10A9F0003EE700BF08B5114B1A6812F0C05F05D1E1
:10AA00000E4B1A6812F0A05F0DD108BD0C484FF034
:10AA1000C051996000680121FFF7F2FE074B1A68E8
:10AA200012F0A05FF1D006484FF0A0519960006885
:10AA3000BDE808400021FFF7E3BE00BF0060024010
:10AA400050840120F0B501218BB00646042000F0AF
:10AA50008DFD0121022000F089FD0121042000F07C
:10AA600091FD304C3048302301276946CDE900374D
:10AA700000F0E2FA4FF4E0700225694600902046AB
:10AA8000019500F0D9FA2A462046062100F0F2FB93
:10AA90002A462046072100F0EDFB2A4608212046E1
:10AAA00000F0E8FB02A8A4F5FE3400F033FFFF211C
:10AAB00000250391204602A9ADF8105002958DF8AB
:10AAC000125000F0CDFE05A801F022F8174A0592B9
:10AAD00005A920460795ADF82050ADF8245000F0A8
:10AAE0003DFF2046082101F01BF805A9204600F093
:10AAF00079FF2046082101F01BF805A9204600F047
:10AB0000BDFF2046082101F01FF83946204600F01D
:10AB100009FF3946204600F013FF3560B5800BB0C1
:10AB2000F0BD00BF000402400008024060000100C8
:10AB300010B5174B0278DA634178596382789A63CB
:10AB40004179C3781031CAB2FF2B0446427115D047
:10AB50009A422CBF002201220E48102100F084FBF3
:10AB60002079FF280CD062798242BDE81040094864
:10AB70002CBF00220122202100F076BB0122EBE74E
:10AB8000BDE8104003480122202100F06DBB00BF4A
:10AB9000000800400008024010B5012182B00446C0
:10ABA000022000F0E3FC02224FF080730448694663
:10ABB000CDE9002300F040FAFF20207002B010BD64
:10ABC0000004024038B5044602210448257800F00C
:10ABD00045FB40EA4500207038BD00BF000402403C
:10ABE00001B970474FF400414FF0006000F080B8A9
:10ABF0003A483B4BD0F8882042F4700282B0C0F84B
:10AC000088201A68002142F001021A6099601A68CF
:10AC1000A0F1BC2C22F08472ACF1F00022F480325E
:10AC20001A605860186820F480221A60D960009178
:10AC30000191196841F48030186003E0009AB2F580
:10AC4000A04F0AD0264B1A6802F4003101910098F7
:10AC500001300090019B002BF0D02149086810F4CE
:10AC6000003318BF01230193019A012A05D01B4923
:10AC70004FF000638B6002B07047194B19491A6C92
:10AC8000194842F080521A640A6842F440420A604D
:10AC9000996899609A6842F4004199609A6842F410
:10ACA000A05199605860186840F080721A600C4B8F
:10ACB00019688A01FBD50D4840F205620260996867
:10ACC00021F0030098609A6842F002019960044BF9
:10ACD000986800F00C02082AF9D1C8E700ED00E0FE
:10ACE000003802400070004008544007003C024019
:10ACF00021F06041024B21F07F0202439A607047CD
:10AD000000ED00E010B443680C790A6823F0407C41
:10AD10002CF4807343EA04241443D1E9032313433E
:10AD20008A684460846813430A4A22404C7913437A
:10AD300043EA44038360097DC46A01F1FF3C24F4C3
:10AD400070035FFA8CF243EA02515DF8044BC16272
:10AD5000704700BFFDF7FFC042680368074910B4A1
:10AD600013434C68064A2240D0E902401343234370
:10AD700003435DF8044B4B60704700BF0023014064
:10AD8000E030FCFF836819B143F001028260704734
:10AD900023F0010181607047092910B52CD9A1F178
:10ADA0000A0E0EEB4E0CC4684FF0070E03FA0CF3BC
:10ADB0000EFA0CFC24EA0C042343C360062A0CD8C8
:10ADC00002F1FF3C446B0CEB8C021F23934024EAFE
:10ADD000030491402143416310BD0C2A1AD8A2F10B
:10ADE000070C036B0CEB8C021F24944023EA040332
:10ADF00091401943016310BD046901EB410E4FF00E
:10AE0000070C0CFA0EFC03FA0EF324EA0C0423439D
:10AE10000361D3E70D3AC36A02EB82021F24944018
:10AE200023EA040391401943C16210BD836843F0D3
:10AE300080418160704700BF836819B143F480721C
:10AE40008260704723F4807181607047836819B114
:10AE500043F400728260704723F400718160704790
:10AE60000268364910B4002322F0010221248842EE
:10AE70000260036043608360C3600361446138D053
:10AE80002F4B98422ED02F4CA0423CD02E498842C6
:10AE900040D02E4B984232D02D4CA04241D02D496B
:10AEA000884246D02C4B984217D02C4988423CD03F
:10AEB0002B4B984216D02B4CA04224D02A498842D2
:10AEC00028D02A4B98421AD0294CA04229D029498F
:10AED00088422ED0284B984208D14FF03D5243F87B
:10AEE000AC2C03E04FF4746443F8204C5DF8044B41
:10AEF000704722495DF8044B3D2088607047204828
:10AF000043F8640CF2E74FF4741244F8382C5DF8FF
:10AF1000044B70474FF074635DF8044B41F8503CAC
:10AF20007047184944F87C1CE0E73D2041F8080CC4
:10AF3000DCE7154C41F8944CD8E700BF10600240A4
:10AF40002860024040600240586002407060024049
:10AF500088600240A0600240B86002401064024075
:10AF60002864024040640240586402407064024019
:10AF700088640240A0640240B8640240006002405D
:10AF80003D000020400F002000003D2030B40B6841
:10AF9000CC684A692343D1E9065413432B43D1E9D2
:10AFA000085223432B438C6A056813434A6B23439F
:10AFB0008C6B134323430A4CCA6A2C4023430D6B0A
:10AFC000036043690C692A43D1E9011523F0070C9A
:10AFD00042EA0C03436144608160C56030BC704745
:10AFE0003F801CF0036819B143F001020260704712
:10AFF00023F00101016070470B060CD54369AAB12B
:10B0000043F08003802943610FD0026801F01E01E4
:10B01000114301607047802907D0002AF5D10368E9
:10B0200001F01E0123EA01020260704723F0800252
:10B0300080294261F3D1704700232DE9F0430C6869
:10B040009E4624E00EF1010C012606FA0CF939EABD
:10B05000040503F1020300F0CF800CF10107012287
:10B06000BA4032EA040603F1020500F08E800CF1CA
:10B0700002070122BA4032EA040603F1040541D076
:10B08000BCF10D0F0CF1030E03F106037BD001227E
:10B0900002FA0EF838EA0405D4D1066803259D406B
:10B0A00026EA0507076091F80490D0F800C009FA75
:10B0B00003F609F1FF37EA43012F46EA0C05056064
:10B0C00014D88668324082604A7985689A402A435B
:10B0D0008260476827EA0806466091F8068045685E
:10B0E00008FA0EFC1FFA8CF22A434260C768032656
:10B0F0009E4027EA0602C260CF79C5689F402F4371
:10B10000C7609FE706684FF0030808FA05F926EACA
:10B110000906066091F804E06FEA0906D0F800908D
:10B120000EFA05F80EF1FF3E48EA0909BEF1010FDB
:10B13000C0F8009015D8D0F8088006EA08068660A6
:10B140004E79D0F80890AE4046EA09068660466817
:10B1500026EA020242608E794268BE40B7B21743C7
:10B160004760C7680326AE4027EA0602C260CF796F
:10B17000C668AF403743BCF10D0FC7600CF1030E3A
:10B1800003F1060383D1BDE8F083D0F800800326E5
:10B19000AE4028EA0609C0F800906FEA060E0E7964
:10B1A000D0F8009006FA05F8013E48EA0909012E98
:10B1B000C0F8009014D886680EEA060686604E79BC
:10B1C000D0F808E0AE4046EA0E068660466826EAF9
:10B1D000020242608E794268BE40B7B217434760B0
:10B1E000C7680326AE4027EA0602C260CF79C66868
:10B1F000AF403743C7603AE70268032707FA03F610
:10B2000022EA0605056091F804E00268F7430EF1B2
:10B21000FF350EFA03F61643012D066012D8826838
:10B22000174087604D7986689D4035438560426848
:10B2300022EA090747608D79476805FA0CF6B2B231
:10B240003A434260C66803259D4026EA0502C26073
:10B25000CF79C6689F403743C760FEE6036919424D
:10B2600014BF0120002070470AB101837047418359
:10B27000704700BFCB0800EB830001F00701036AB1
:10B2800089004FF00F0C0CFA01FC23EA0C03036257
:10B29000036A8A401A430262704700BF08B5174B21
:10B2A000984206D0164988420FD0164A904218D0CC
:10B2B00008BD01214FF4001000F07CF9BDE8084002
:10B2C00000214FF4001000F075B901214FF4800007
:10B2D00000F070F9BDE8084000214FF4800000F054
:10B2E00069B901214FF4000000F064F9BDE808409D
:10B2F00000214FF4000000F05DB900BF0054004091
:10B3000000580040005C004070B5868884B026F08C
:10B310003F020446130468461E0C0D4600F0D8F8A0
:10B3200030480299A0FB013246EA9243A380268866
:10B3300026F0010003041E0C26802B682A4EB3421F
:10B340004FEA924026D85B00B1FBF3F6B1B2013070
:10B35000042938BF04212084A1832288A9886E890A
:10B3600090B240F0010CA4F800C0B4F800E02EF454
:10B37000816323F0020231431004AE892D89030C4E
:10B380002E430B4399B21FFA86FC2180A4F808C013
:10B3900004B070BDB5F806C04BF6FF7EF4451AD078
:10B3A00003EB830202EB8203B1FBF3F18EB246F4AE
:10B3B000804ECEF30B0109B94EF0010E0B4E4FF447
:10B3C000967303FB00F0A6FB0020820901324EF4C5
:10B3D00000412284C0E703EB4302B1FBF2FC1FFAF9
:10B3E0008CFEE6E783DE1B43A0860100D34D62108E
:10B3F000038821B199B241F001020280704723F025
:10B4000001010A04130C0380704700BF038821B1B7
:10B4100099B241F480720280704723F480710A046B
:10B42000130C0380704700BF038821B199B241F427
:10B4300000720280704723F400710A04130C038029
:10B44000704700BF1AB141F001010182704701F05D
:10B45000FE010182704700BF01827047838A028B20
:10B4600098B240EA02430B4023F07F42511AB1FAEE
:10B4700081F04009704700BF82B000230A0F00939B
:10B48000019301900092009B21F07F4153B1019BF9
:10B4900014330193019A13680B4214BF012000205A
:10B4A00002B07047019A1832090C0192F2E700BF0E
:10B4B000034B090741EA8010C3F88400704700BFBE
:10B4C00000380240014B9866704700BF00004742B9
:10B4D0001F4A936803F00C01042910B436D00829E0
:10B4E0001BD01C4B1A4A036094681B49C4F3031C0D
:10B4F00011F80C40E34043609468C4F3822C11F8C7
:10B500000C4023FA04F484609268C2F34234095D6B
:10B510005DF8044BCB40C360704754685368516872
:10B5200003F03F0C0A4B14F4800FC1F388145968E0
:10B5300014BF0A4A074AB2FBFCF202FB04F4C1F34F
:10B54000014201325300B4FBF3F3CBE7034BC9E7ED
:10B55000003802400024F400C4D0000800127A0031
:10B56000014BC3F85C01704700004742044A136B6B
:10B5700011B103431363704723EA0000106370475F
:10B5800000380240044A136C11B10343136470473E
:10B5900023EA00001064704700380240044A536CEC
:10B5A00011B103435364704723EA000050647047AD
:10B5B00000380240044A136A11B103431362704712
:10B5C00023EA00001062704700380240044A536AC0
:10B5D00011B103435362704723EA00005062704781
:10B5E000003802404309012B0BD00A49022B0CBF43
:10B5F000096F496F00F01F0021FA00F303F001000A
:10B600007047044A116800F01F0021FA00F303F0AC
:10B61000010070470038024008B52D4B98421BD0FE
:10B620002C49884224D02C4A90422DD02B4B984252
:10B6300006D02B49884233D02A4A90423CD008BDDC
:10B6400001214FF40050FFF7C1FFBDE80840002181
:10B650004FF40050FFF7BABF01214FF48050FFF7BD
:10B66000B5FFBDE8084000214FF48050FFF7AEBFA2
:10B6700001214FF48040FFF79DFFBDE80840002105
:10B680004FF48040FFF796BF01214FF40040FFF7D1
:10B6900091FFBDE8084000214FF40040FFF78ABF4A
:10B6A00001214FF48010FFF791FFBDE80840002111
:10B6B0004FF48010FFF78ABF01214FF40010FFF70D
:10B6C00085FFBDE8084000214FF40010FFF77EBF62
:10B6D0000030014000380040003C00400034014090
:10B6E0000050014000540140838BB1F804C023F4A2
:10B6F0007B622DE9F04322F00F0425042E0C022773
:10B7000086838C680784838BB1F806E0022C9AB29A
:10B710003BD02C4EB568BCF1000F14BF4FF00208AF
:10B720004FF001082D0244D4264DD5F88460D5F899
:10B730008470C7F302736F68D5F8049019F4800F12
:10B7400007F03F05C6F3881614BF1F4F1F4FB7FB06
:10B75000F5F7BEF5007F06FB07F7B7FBF3F60EBF64
:10B76000360A4FEA4818B6FBF8F606EB86035D008A
:10B77000174EB5FBF4F40534A7B2A6FB07431C092A
:10B78000A51EFD2DC3F3C00718D90226B1F80090FD
:10B790004C8889894CEA09031A4322430A4397B229
:10B7A00046EA0E0847F40065A0F820808583BDE8CE
:10B7B000F083B76827F40003B360B5E744EA0726CF
:10B7C000E4E700BF0038024000127A000024F400D1
:10B7D000CDCCCCCC838B21B199B241F480628283F1
:10B7E000704723F480610A04130C8383704700BF01
:10B7F000838B23F47B6222F00F031A04130C4FF0A7
:10B80000020C00B583830B88A0F820C0B0F81CE0C0
:10B81000B1F802C0B3F5007F1FFA8EF218BFB3FA79
:10B8200083F3B1F804E089891ABF5B091B024FF466
:10B8300080734CEA0E0C43EA0C030B4313439AB299
:10B8400042F4006181835DF804FB00BF83889BB2F2
:10B8500012B10B438380704723EA01018180704756
:10B8600030B4284D03884C680A88A8429BB23CD06B
:10B87000254DA84218D0B0F1804F27D0A5F5803CC7
:10B88000604523D00CF58065A8421FD005F5806C7B
:10B8900060452DD01D4DA8422FD10380C462028582
:10B8A000012230BC8282704723F07005ABB24D8814
:10B8B0002B430D8923F440732B430380C46202851C
:10B8C0008C7A0486012230BC828270474D8823F036
:10B8D00070039BB22B43098923F4407C1FFA8CF33D
:10B8E0000B430380C4620285DAE723F07003DEE7CE
:10B8F0004D8823F070032B43EDE7054DA842CCD0D3
:10B90000E9E700BF000001400004014000100040D2
:10B910000014004000234FF0FF32426003810360B7
:10B9200083727047038821B199B241F0800202808E
:10B93000704723F080010A04130C0380704700BF96
:10B94000038821B199B241F001020280704723F0CF
:10B9500001010A04130C0380704700BF038C23F01D
:10B96000010210B51404230C0384048CB0F804C045
:10B97000B0F818E024F002031C042EF07302230C2C
:10B98000B1F80CE04C8812044EEA040E0C88120C3C
:10B990002243134C43EA0E03A0421FFA8CFC9BB2D5
:10B9A0000AD004F58064A04206D08968A0F804C0DB
:10B9B00002834163038410BDCC89B1F810E023F009
:10B9C000080323434C8A2CF4407C4EEA040E4CEAD4
:10B9D0000E041FFA84FC8C8823F004032343E4E75D
:10B9E00000000140038C23F0100210B51404230C56
:10B9F0000384048CB0F804C0B0F818E02EF4E642DA
:10BA000024F020031404220CB1F80CE04C884EEA18
:10BA1000040E0C881B0442EA0422174C1B0C43EA58
:10BA20000E13A0421FFA8CFC9BB292B20AD004F50E
:10BA30008064A04206D08968A0F804C002838163B4
:10BA4000038410BD23F0800ECB894C8A4EEA031389
:10BA5000B1F810E02CF4406C4EEA04044CEA840483
:10BA60004FF6BF7E1FFA84FC8C8803EA0E0343EA7C
:10BA7000041E1FFA8EF3DEE700000140038C23F45E
:10BA8000807210B51404230C0384048CB0F804C035
:10BA9000B0F81CE024F400731C042EF07302230C95
:10BAA000B1F80CE04C8812044EEA040E0C88120C1B
:10BAB0002243164C43EA0E23A0421FFA8CFC9BB291
:10BAC0000AD004F58064A04206D08968A0F804C0BA
:10BAD0008283C163038410BD23F4006ECB894C8A3A
:10BAE0004EEA0323B1F810E02CF4405C4EEA040463
:10BAF0004CEA04144FF6FF3E1FFA84FC8C8803EADC
:10BB00000E0343EA042E1FFA8EF3DEE70000014025
:10BB10000023C0E90233036083800361704700BFE4
:10BB2000038B23F0080213041A0C0A4302837047A4
:10BB3000038B23F4006213041A0C42EA01211FFA5A
:10BB400081FCA0F818C07047838B23F0080213040F
:10BB50001A0C0A4382837047002103E00A4B5B58AA
:10BB60004350043109480A4B42189A42F6D3094A15
:10BB700002E0002342F8043B074B9A42F9D3FFF757
:10BB800037F8FDF7D7F87047D0D400080000002040
:10BB9000000000200000002060840120FEE700007B
:10BBA000830730B547D0541E002A3ED0CAB20346A0
:10BBB00001E0013C39D303F8012B9D07F9D1032C97
:10BBC0002CD9CDB205EB05250F2C05EB054535D954
:10BBD000A4F1100222F00F0C03F1100EE6444FEA1C
:10BBE000121C1A46C2E90055C2E9025510327245CC
:10BBF000F8D10CF1010214F00C0F03EB021204F067
:10BC00000F0C13D0ACF1040323F0030304331344EB
:10BC100042F8045B9342FBD10CF003042CB1C9B28F
:10BC20001C4403F8011BA342FBD130BD64461346FC
:10BC3000002CF4D1F9E703461446C0E71A46A4469F
:10BC4000E0E700BF10EE103A184923F000428A42A4
:10BC50001AD9B2F1FF4F02D330EE400A704700B557
:10BC600083B0684600F030F900F003000128DDEDF4
:10BC7000010A9DED000A10D0022809D090B900F009
:10BC800059F803B05DF804FBDFED090A00F052B883
:10BC900000F050F8B1EE400AF3E700F0CDF8B1EE55
:10BCA000400AEEE7012000F0C7F8EAE7D80F493F65
:10BCB0000000000010EE103A194923F000428A42B9
:10BCC0001BD9B2F1FF4F02D330EE400A704700B5E6
:10BCD00083B0684600F0F8F800F003000128DDEDBD
:10BCE000010A9DED000A13D002280BD098B901205B
:10BCF00000F0A2F803B05DF804FBDFED0A0A0020B3
:10BD000000F09AB8012000F097F8B1EE400AF1E790
:10BD100000F010F8EEE700F00DF8B1EE400AE9E7A8
:10BD2000D80F493F00000000F0EE400AB0EE000AD4
:10BD300000F0FAB910EE103A23F00043B3F1485F77
:10BD40002CD2FDEEC07A17EE903A002B60D060EE58
:10BD5000007A9FED317A9FED315ADFED315A9FED38
:10BD6000316ADFED316AA7EE875A9FED307AE7EE50
:10BD7000855AA7EEA56AA7EE867AE7EE876A67EE90
:10BD8000A66A60EEC00AB6EE007AE7EEA60AB7EE43
:10BD9000000AD7EE870A30EE600A704760EE007A3C
:10BDA0009FED1D7A9FED1D5ADFED1D5A9FED1D6A17
:10BDB000DFED1D6A1E4AA7EE875A93429FED1B7A5C
:10BDC000E5EE275AA5EEA76AA6EE277AE7EE276AE0
:10BDD00066EEA76AD5D9174A934214D803F17F4378
:10BDE00007EE103AB7EE006A36EE476A60EEC00A18
:10BDF000F6EE005A97EEA57AE7EEA60A37EE607ADD
:10BE000036EE470A7047B6EE076AB5EE027AEDE7FE
:10BE1000B7EE000A704700BF4ED747ADF6740F313A
:10BE20007CF293B4010DD037ABAA2A3D610BB6BAB0
:10BE30009999993E0000483F10EE103A23F00043D4
:10BE4000B3F1485F04D2FDEEC07A17EE903A5BB3CF
:10BE500060EE007A9FED157ADFED155A9FED156AB9
:10BE6000DFED156AE7EE875A9FED147AA5EEA76A13
:10BE700020EE275AE6EE276AA6EEA77A30B9DFED64
:10BE8000106AE7EE876AA6EE850A704727EE457AC4
:10BE9000F6EE006AA0EEA67ADFED0A6AD7EE270A70
:10BEA000E5EE260A30EE600A704700BFD3C92E2F98
:10BEB000342FD7B21BEF3836010D50B98988083CB2
:10BEC000ABAA2ABEABAA2A3E70B510EE103A884A39
:10BED00023F00044944286B0054671D9854A9442C5
:10BEE0001E4624D823F00042002BDFED837A8349DD
:10BEF00022F00F02B0EE407A40F3E0808A4270EE0A
:10BF0000677A09BF9FED7E7ADFED7E6ADFED7E6A9C
:10BF100077EEC77A37EEE67A77EEC77A80ED007A69
:10BF200077EEE67AC0ED017A012006B070BD774A5F
:10BF3000944252D9B4F1FF4F48D2E215863AA4EBAD
:10BF4000C25307EE903ABDEEE77ADFED716AB8EEC4
:10BF5000C77A77EEC77A8DED037A67EEA67ABDEEE3
:10BF6000E77AB8EEC77A77EEC77A8DED047A67EE96
:10BF7000A67AF5EE407AF1EE10FACDED057A40F0B2
:10BF80009880B5EE407AF1EE10FA0CBF012302233F
:10BF9000604901910221009103A8294600F034F97B
:10BFA000002EC2DA95ED007AD5ED017AB1EE477A2E
:10BFB000F1EE677A85ED007AC5ED017A4042B4E78B
:10BFC000002285ED000A42600020AEE770EE407A64
:10BFD000C0ED017AC0ED007AF6E700F00DF99FEDB3
:10BFE0004E7A9FED456AF6EE007AE0EE077A9FED15
:10BFF000457AFDEEE77A17EE900AF8EEE76A1F2819
:10C00000A6EEC60A66EE877AB1EE666A20DC434A7F
:10C01000411E26F0004352F8212023F0FF039342F3
:10C0200016D030EE677A30EE470A002E30EE670AFF
:10C0300085ED007A85ED010ABFF677AFB1EE477A5C
:10C04000B1EE400A85ED007A85ED010A40426CE7C9
:10C0500030EE677AE21517EE103AC3F3C753C3EB1D
:10C06000D453082BDFDD9FED267A9FED275AF0EEA3
:10C07000405AE6EE075A70EE657AE6EE077AD6EE9B
:10C08000857A35EEE77A17EE103AC3F3C753D21A22
:10C09000192A10DD9FED227A9FED225AB0EE650A33
:10C0A000A6EE070A75EEC07AE6EE077AD6EE857A36
:10C0B000B7E703236CE7B0EE650AB4E78A4270EE97
:10C0C000277A09BF9FED0E7ADFED0E6ADFED0E6A6B
:10C0D00077EE877A37EEA67A77EEC77A80ED007A28
:10C0E00077EEA67AC0ED017A4FF0FF301DE700BF72
:10C0F000D80F493FE3CB1640800FC93FD00FC93F4F
:10C10000004435374344353708A3852E800F494313
:10C110000000804354D1000884F9223FD4D00008A5
:10C1200000A3852E32318D2408B52DED048BB0EEA1
:10C13000608AB0EE409A00F085FBB4EE488AF1EEDA
:10C1400010FAF0EE408A0BD6B5EE409AF1EE10FAF6
:10C1500017D1B5EE408AF1EE10FA06D1F7EE008A5B
:10C16000B0EE680ABDEC048B08BDB0EE480A00F0E2
:10C1700039F80028F4D0B5EEC08AF1EE10FAEFD508
:10C1800025E000F02FF888B1F5EE408AF1EE10FAC4
:10C19000E6D1B0EE490A00F025F80028E0D0B0EE74
:10C1A000480A00F01FF80028DAD010E0B0EE490A83
:10C1B00000F018F80028E7D0B0EE480A00F012F8B6
:10C1C0000028E1D0F4EE688AF1EE10FA04D601F00E
:10C1D00078E922230360C3E701F072E921230360B9
:10C1E000BEE700BF10EE103A23F00040B0F1FF4F61
:10C1F000ACBF00200120704710EE103A23F000433E
:10C2000000EE103A704700BF2DE9F04F2DED048B82
:10C21000DBB01C46944603930A46CD4B68991CF14B
:10C22000040F53F82160824604F1FF38C0F24982BE
:10C23000BCF1030348BF0CF10403DB10029301338C
:10C240004FEAC30EACEB0E030593029B16EB0800FE
:10C25000A3EB080316D401309FEDBE7A699C184405
:10C260001EA9002BA4BF54F8235007EE905A03F1E7
:10C270000103ACBFF8EEE77AF0EE477A8342E1ECD7
:10C28000017AEED1002EC0F2B182039B1EA901EB10
:10C29000830446AD4FEA83094046F7180AEB830151
:10C2A000B8F1000FDFEDAB7A09DBA3465346F3ECA0
:10C2B000016A3BED017A8B42E6EE877AF7D10130D5
:10C2C000B842E5EC017A04F10404E9D10DF1280B40
:10C2D0000BEB8603CDE9062E043B9FEDA09ADFED24
:10C2E0009E8A059804930AEB090446AF0BEB860976
:10C2F0000096CDF820C05AAB03EB8603002E13ED59
:10C30000140A4FEA860515DD7B195A4660EE097A54
:10C31000B0EE407AFDEEE77A73ED016AF8EEE77A67
:10C32000BB42A7EEE87A37EEA60ABDEEC77AA2ECCA
:10C33000017AEBD1019000F03BFEF4EE007AB0EE12
:10C34000408A20EE270A00F0BFFDF2EE007AA0EE50
:10C35000678A01980028FDEEC89AF8EEE97A38EE6F
:10C36000678A6CDD06F1FF3EC0F108035BF82E2002
:10C3700042FA03FC0CFA03F3D21AC0F1070119EEDA
:10C38000903A4BF82E200A416344002A09EE903A75
:10C3900000F3F080B5EE408AF1EE10FA40F09D8097
:10C3A000009B9E420ADD5D44002355F8041D4D4567
:10C3B00043EA0103F9D1002B40F0F280009B013BDE
:10C3C0005BF82330002B40F0E780049B012153F8F9
:10C3D000042D0131002AFAD0731C31449C46029D81
:10C3E000039A05EB030E0EF1804E699D32440EF167
:10C3F000FF3E07EB83061EAB05EB8E0E03EB8205BB
:10C40000DEED017AF8EEE77AB8F1000F0EF1040ED6
:10C41000E5EC017ADFED4F7A09DB2A465346F3EC6F
:10C42000016A32ED017AA342E6EE877AF7D10CF188
:10C43000010C6145E6EC017AE2DA0E465BE740F07A
:10C440008F80731E5BF82320D211002AA2DD19EE23
:10C45000903A002E03F1010309EE903A40F3D481A3
:10C4600059464FF0000E51F8043B002B6AD0C3F53B
:10C47000807341F8043C04E00B68C3F1FF0341F80A
:10C48000043B0EF1010E7645F6DC01239E460028A2
:10C490000ADD012878D0022806D1711E5BF8213010
:10C4A00003F03F0C4BF821C0022A7FF473AFB7EEC4
:10C4B000000A734630EE488A002B3FF46BAF0992B6
:10C4C000019000F075FD38EE408A0198099AB5EEAA
:10C4D000408AF1EE10FA3FF463AF9246DDE9062E92
:10C4E000DDF820C00196AEEB0C00B0EE480A009ECD
:10C4F000009200F05DFDDFED186AB4EEE60AF1EEA1
:10C5000010FADDE90023F0EE407AC0F250819FED91
:10C51000137A059920EE077A0831BDEEC77A0591A6
:10C52000B8EEC77A5C1CE7EE667ABDEEC77AFDEE20
:10C53000E77A17EE901A4BF8231017EE103A4BF8E3
:10C54000243046E00EF1010EB6458CDB9E469EE798
:10C5500098D4000800000000000080430000803BE9
:10C56000F6EE007AB4EEE78AF1EE10FA80F29880E7
:10C5700000220FE70133002E09EE903A3FF770AF2B
:10C58000002301289E4686D1711E5BF8213003F0FE
:10C590007F0C4BF821C087E7731C9C4619461EE7A9
:10C5A00033469246DDE905125C1EA1F108005BF8F6
:10C5B0002410009E059061B903F18043013B0BEB11
:10C5C0008303014653F8040D013C08390028F9D0D3
:10C5D000059105980092B7EE000A00F0E9FC002CE6
:10C5E000009AB0EE407AC0F20581601C46AD5FED66
:10C5F000256A81000BEB800305EB800073ED017A67
:10C60000F8EEE77A5B4567EE877A27EE267A60EDEB
:10C61000017AF3D10DF1C8080B1F46A8C718C6460A
:10C62000A44600259146002E73DB844ADFED847A10
:10C630003846002301E0AB4208DCF2EC016AB0ECC2
:10C64000017A01339E42E6EE877AF4DA0CF1FF3C80
:10C65000BCF1FF3FEEEC017A05F10105A7F10407FB
:10C66000E1D1689B022B4A4656DC002B2EDC0ED112
:10C67000DFED737A414431ED017A414577EE877AF7
:10C68000F9D15346002B40F0AE80C2ED007A19EE8E
:10C69000903A03F007005BB0BDEC048BBDE8F08F6F
:10C6A00019EE903A002E03F1010309EE903AC8BF4B
:10C6B00002223FF7D5AEF7EE007A37EEC88A0222A3
:10C6C00068E600234FF0080E0293BBE59FED5C7A0D
:10C6D000414471ED017A414537EE277AF9D1DDED1C
:10C6E000327A534677EEC77A002B75D182ED007A05
:10C6F00064B133A90123B1EC017A01339C4277EE96
:10C70000877AF8DA53460BB1F1EE677AC2ED017A17
:10C71000BDE7DFED4B7A99E7689B032BB7D1002C7F
:10C720007ED008EB840595ED007AA0002B462946C3
:10C7300071ED017AF0EE476A37EE277A414577EEE0
:10C74000C77A81ED007A77EEA67AC1ED017AEFD152
:10C75000012C65D095ED007A08F1040173ED017AA2
:10C76000F0EE476A37EE277A994277EEC77A83ED83
:10C77000007A77EEA67AC3ED017AEFD1031DDFEDE3
:10C78000307A434408F1080833ED017A984577EE92
:10C79000877AF9D15346DDED326A9DED337A73B96C
:10C7A000C2ED006A82ED017AC2ED027A6FE7FDEE1A
:10C7B000C07A1C4617EE901A4BF8231009E7F1EEE9
:10C7C000666AB1EE477AF1EE677AC2ED006A82EDF1
:10C7D000017AC2ED027A5AE7B1EE477A82ED007A29
:10C7E000002C86D190E7F1EE677A4EE7039B4FEA83
:10C7F00083096BE5689B022B0EDC002B13DC7FF4B6
:10C8000046AFDFED0F7A3CE7022A7FF4C3ADF7EEC7
:10C81000007A37EEC88ABDE5689B032B7FF437AFFB
:10C82000DFED077AB6E75346DDED327A13B9002320
:10C8300013606BE74FF00043136065E76CD40008AA
:10C84000000000002DE9F0432DED028B83B0CDED0B
:10C85000010A8DED000ADDE9004535F0004610D1F2
:10C8600084F48004640014F5000F1BD9DDED007A18
:10C870009DED017A37EE870A03B0BDEC028BBDE86F
:10C88000F08324F00047B7F1FF4F02D8B6F1FF4F15
:10C890000FD9B4F17E5FE9D185F480056D0015F5FF
:10C8A000000FE3D8B7EE000A03B0BDEC028BBDE881
:10C8B000F083002CB84616DBB6F1FF4F00F0F7808E
:10C8C000B6F17E5F00F02681B5F1804F00F0468121
:10C8D000B5F17C5F40F0388103B0BDEC028BBDE860
:10C8E000F04300F0D7BBB6F1974F80F0F080B6F17F
:10C8F0007E5F80F01981B5F1804F00F02F81B5F196
:10C900007C5F40F02181FFF777FCB7F1FF4FB3D098
:10C910004FF00009002F00F0F280B7F17E5F00F0C9
:10C92000E580E20F013A59EA020300F02181B6F1F5
:10C930009A4F40F24581924B9F4240F23E82914B8A
:10C940009F4200F24782F7EE007A30EE670A9FEDD1
:10C950008E6ADFED8E5AF5EE007AA0EE676AF6EE8B
:10C96000006AE6EE406A20EE007ADFED897A9FEDFC
:10C97000896A27EE267A67EEC77AE0EE257AF0EE2E
:10C98000676AE0EE066A16EE903A6FF30B0306EE66
:10C99000903AB0EE667AA0EE467A77EEC77A6FF3F9
:10C9A0000B0507EE105A9DED016ADDED015A36EEDA
:10C9B000476A67EEA57A26EE877AE6EE267A09F1CF
:10C9C000FF3959EA0209BFEE008A77EE876AB7EEAF
:10C9D000006A16EE903A18BFB0EE468A002B23F09C
:10C9E000004240F3B981B2F1864F00F2388200F084
:10C9F0001C82B2F17C5F00F20082002210466FF3CD
:10CA00000B0305EE903A75EEC76A9FED637A9FEDD2
:10CA1000633A9FED632ADFED633A9FED634ADFEDF2
:10CA2000634A9FED635A77EEE67A25EE877ADFED6B
:10CA3000616AA7EEA67AF0EE002AF0EE476AE5EE0C
:10CA4000836AB7EE000A26EEA66AF0EE667AE6EE94
:10CA5000023AE5EEC37AF0EE445AE3EE865A77EEF8
:10CA6000677AB0EE647AA5EE867AF0EE455AE7EE84
:10CA7000065AB0EE667AA5EEC67AE6EEA77A66EEBC
:10CA8000875A37EE626A85EE867A77EE677A77EEB6
:10CA9000E67A30EE670A10EE103A1344B3F5000F51
:10CAA000C0F2958100EE103A20EE080AE4E6B7F1F4
:10CAB0007E5F3FF4F7AE32D99FED3F0ADDED017A9C
:10CAC000002DB8BFF0EE407AB0EE670AD4E6B6F1BA
:10CAD000FF4FECD04FF002099DED000AFFF78CFBF1
:10CAE000B7F1FF4F02D0002F7FF417AF002DBCBF6E
:10CAF000F7EE007A87EE800A002CBFF6BDAEA7F1F4
:10CB00007E5757EA090740F0208170EE407A87EEA1
:10CB1000A70AB1E6002D1ADB9DED000AACE6002D58
:10CB200021DB9FED250AA7E6F315C3F1960346FA2C
:10CB300003F202FA03F3B34200F0FA80B6F17E5F2B
:10CB4000E8D0B5F1804F09D04FF00009C4E79DED62
:10CB5000007AF7EE007A87EE870A8DE6DDED007A3F
:10CB600027EEA70A88E6DDED017AB1EE670A83E6D3
:10CB7000DDED007A77EEE77A87EEA70A7CE600BF64
:10CB8000F3FF7F3F0700803FABAAAA3E70A5EC36BB
:10CB90003BAAB83F00AAB83F8CBEBF350072313FF8
:10CBA0004CBB31330EEADDB555B38A38610B36BB69
:10CBB000ABAA2A3E1872313F000000000000804BF3
:10CBC00014F0FF4F40F0F7805FED047A60EE277AB3
:10CBD0006FF0170317EE908AA9484FEAE851C8F39F
:10CBE00016087F398045194448F07E5340F3DB80B6
:10CBF000A448804540F3F8809FEDA35A0131F0EE40
:10CC0000453AA3F50003F7EE005A002006EE103A6D
:10CC100076EE257AB7EE007A87EE270A5B1043F0AE
:10CC2000005303F58023034476EE656A07EE901AFD
:10CC300026EE803AB8EEE77A13EE101A07EE903A35
:10CC4000924BDFED930A9FED938A9FED931ADFEDF0
:10CC5000932ADFED931A9FED932A77EEE55A194058
:10CC600004EE901A36EE656A63EE035AE4EEE76A64
:10CC7000F0EE607AE5EE887AE4EEC66AA7EEA51AD1
:10CC800066EE806AE1EE252A73EE247AE2EEA51ABA
:10CC900025EEA58AA1EEA52A67EEA67AB0EE084A8F
:10CCA000B0EE446AE8EE027AA4EEA46ADFED7E0AF2
:10CCB0009FED7E1ADFED7E2A36EE276A16EE101AF9
:10CCC000194006EE101A76EE445AE4EEE45A77EE76
:10CCD000E57A67EE837AE6EE867AF0EE675AE4EE5E
:10CCE000865A15EE901A194005EE901AF0EE656A14
:10CCF000E4EEC66A77EEE67A67EEA07AE5EE817A30
:10CD000077EEA37AF0EE676AE5EEA26A76EE856AC0
:10CD100076EE876A16EE901A194006EE901A36EEF5
:10CD2000C77A37EE457AA5EEE27A77EEC77A36E62D
:10CD3000B6F17E5F3FF4EEAEB5F1804F3FF40EAF3B
:10CD400002F00102C2F10209C6E6B9F1010F7FF457
:10CD500093ADB1EE400A8FE556498A4200F28780D2
:10CD60007FF447AE76EEC76AF4EEE76AF1EE10FAAA
:10CD70007DDA03F50043504AC3F3C7517F39C3F34B
:10CD800016000A4140F40000C1F117011A400841A1
:10CD9000404206EE902A37EE667AC20577EE876A41
:10CDA00016EE903A2BE69FED385AF7EE005AF0EE69
:10CDB000453A00202AE700230EE7002D0CDB002077
:10CDC00003B0BDEC028BBDE8F04300F0E5B800F025
:10CDD000EFF869E6002DF2DD002003B0BDEC028B18
:10CDE000BDE8F04300F0DEB89FED345ADFED343A91
:10CDF000F7EE085A4FF4001008E7D2157E3A4FF4C8
:10CE00000001114119442C4AC1F3C7547F3CC1F3BE
:10CE10001600224140F40000C4F11704002B40FA30
:10CE200004F002EA0102B4DAB2E79FED266A76EE78
:10CE3000C76A37EE866AB4EEE66AF1EE10FA0EDCE7
:10CE400003F500431C4AD9157F39C3F316000A4184
:10CE500040F40000C1F117011A40084199E7B5EE0E
:10CE6000C08AF1EE10FA4CBF01200020B5E7B5EE04
:10CE7000C08AF1EE10FA4CBF01200020A0E700BFED
:10CE800071C41C00D6B35D000000000000F0FFFF7D
:10CE900055326C3E42F1533E05A38B3EABAAAA3EEF
:10CEA000B76DDB3E9A99193F4F38763FA0C39D3648
:10CEB0000038763F00001643000080FF00C0153F99
:10CEC000DCCFD1353CAA383310EE102AC2F3C75359
:10CED0007F3B162B22F0004129DC002B104618DB8B
:10CEE0001A4919410A4221D0DFED197A70EE277AEA
:10CEF000F5EEC07AF1EE10FA18DD002A04DA4FF4EC
:10CF0000000242FA03F3184420EA010300EE103A4B
:10CF10007047DFED0F7A70EE277AF5EEC07AF1EE0A
:10CF200010FA03DD002A08DB9FED0A0A7047B1F111
:10CF3000FF4FFBD330EE000A7047DFED077A002980
:10CF4000BFEE000A08BFB0EE670A7047FFFF7F0020
:10CF5000CAF24971000000000000008010B52DEDFC
:10CF6000028BB0EE408A044600F0AAEAB0EE480A0E
:10CF7000BDEC028B046010BD30B1F1EE407A27EEBB
:10CF8000800A2220FFF7EABFF0EE407A27EE800AFF
:10CF90002220FFF7E3BF00BF9FED010AFFF7ECBFC0
:10CFA000000000109FED010AFFF7E6BF00000070CF
:10CFB00010EE103A33F000411A4627D0B1F1FF4F7E
:10CFC00021D213F0FF4F22D1DFED2B7A2B4A60EEF6
:10CFD000277A904217EE903A33DB4CF2503CC3F381
:10CFE000C75160451A46A1F1190116DDDFED247A1B
:10CFF000DFED246A002BB0EE677AB8BFF0EE667AF8
:10D0000027EE870A704730EE000A704770474CF2EF
:10D01000503C60454FEAD151E8DC0144FE29E5DC93
:10D02000002915DC11F1160F19DB193122F0FF422E
:10D0300042EAC15207EE902A9FED130A27EE800ABA
:10D040007047DFED127A07EE103A27EE270A704795
:10D0500022F0FF4242EAC15300EE103A7047DFED82
:10D060000B7ADFED0B6A002BB0EE677AB8BFF0EEFB
:10D07000667A27EE870A70470000004CB03CFFFF3D
:10D08000CAF24971CAF249F1000000336042A20DB0
:10D090006042A28DB1EEC00A704700BF9A99193F55
:10D0A0009A99593F9A99593F0000003F00000000AB
:10D0B000000000009A99993E9A99993E0004010552
:10D0C000020603070000000001020304010203043A
:10D0D00006070809000FC93F000F494000CB9640E2
:10D0E000000FC9400053FB4000CB164100ED2F411B
:10D0F000000F49410031624100537B41003A8A41AF
:10D1000000CB9641005CA34100EDAF41007EBC41E5
:10D11000000FC94100A0D5410031E24100C2EE41FB
:10D120000053FB4100F20342003A0A4200831042DE
:10D1300000CB164200141D42005C234200A5294288
:10D1400000ED2F4200363642007E3C4200C742428C
:10D15000000F4942A2000000F90000008300000017
:10D160006E0000004E0000004400000015000000AA
:10D1700029000000FC00000027000000570000000C
:10D18000D1000000F500000034000000DD000000C8
:10D19000C0000000DB0000006200000095000000FD
:10D1A000990000003C0000004300000090000000D7
:10D1B00041000000FE00000051000000630000007C
:10D1C000AB000000DE000000BB000000C500000056
:10D1D00061000000B7000000240000006E000000A5
:10D1E0003A000000420000004D000000D2000000A4
:10D1F000E000000006000000490000002E000000D2
:10D20000EA00000009000000D100000092000000C8
:10D210001C000000FE0000001D000000EB000000EC
:10D220001C000000B100000029000000A700000061
:10D230003E000000E8000000820000003500000011
:10D24000F50000002E000000BB00000044000000BC
:10D2500084000000E90000009C0000007000000055
:10D2600026000000B40000005F0000007E00000007
:10D27000410000003900000091000000D6000000CD
:10D280003900000083000000530000003900000056
:10D29000F40000009C000000840000005F0000001B
:10D2A0008B000000BD000000F90000002800000015
:10D2B0003B0000001F000000F80000009700000085
:10D2C000FF000000DE0000000500000098000000E4
:10D2D0000F000000EF0000002F0000001100000010
:10D2E0008B0000005A0000000A0000006D000000E2
:10D2F0001F0000006D000000360000007E000000EE
:10D30000CF00000027000000CB0000000900000053
:10D31000B70000004F000000460000003F00000082
:10D32000660000009E0000005F000000EA000000B0
:10D330002D0000007500000027000000BA0000006A
:10D34000C7000000EB000000E5000000F100000055
:10D350007B0000003D0000000700000039000000D5
:10D36000F70000008A000000520000009200000058
:10D37000EA0000006B000000FB0000005F000000FE
:10D38000B10000001F0000008D0000005D000000E3
:10D3900008000000560000000300000030000000FC
:10D3A00046000000FC0000007B0000006B00000055
:10D3B000AB000000F0000000CF000000BC00000047
:10D3C000200000009A000000F40000003600000079
:10D3D0001D000000A9000000E30000009100000013
:10D3E000610000005E000000E60000001B0000007D
:10D3F00008000000650000009900000085000000A2
:10D400005F00000014000000A000000068000000A1
:10D41000400000008D000000FF000000D800000068
:10D42000800000004D000000730000002700000095
:10D43000310000000600000006000000150000009A
:10D4400056000000CA00000073000000A8000000A1
:10D45000C900000060000000E20000007B00000046
:10D46000C00000008C0000006B0000000000C93FFD
:10D470000000F0390000DA370000A2330000842EEB
:10D480000000502B0000C2270000D0220000C41F63
:10D490000000C61B00004417040000000700000045
:10D4A00009000000F8B500BFF8BC08BC9E467047F4
:10D4B000F8B500BFF8BC08BC9E46704700000000ED
:10D4C00004F01FE500010020000000000000000043
:040000050800BB59DB
:020000040800F2
:100000000000022041370008FD0700080108000831
:1000100005080008090800080D0800080000000095
:1000200000000000000000000000000011080008AF
:100030001508000800000000190800081109000850
:1000400085370008853700088537000885370008A0
:100050008537000885370008853700088537000890
:100060008537000885370008853700088537000880
:1000700085370008853700082D1A000885370008E5
:100080008537000885370008853700088537000860
:100090008537000885370008853700088537000850
:1000A0008537000885370008853700088537000840
:1000B0008537000885370008853700088537000830
:1000C0008537000885370008853700088537000820
:1000D0008537000885370008853700088537000810
:1000E0008537000885370008853700088537000800
:1000F00085370008853700088537000885370008F0
:1001000085370008853700088537000885370008DF
:1001100085370008853700088537000885370008CF
:1001200085370008853700088537000885370008BF
:1001300085370008853700088537000885370008AF
:10014000853700088537000885370008853700089F
:10015000853700088537000885370008853700088F
:10016000853700088537000885370008853700087F
:10017000853700088537000885370008853700086F
:1001800085370008853700080000000000000000E7
:10019000844641EA000313F003036DD1403A41D392
:1001A00051F8043B40F8043B51F8043B40F8043B51
:1001B00051F8043B40F8043B51F8043B40F8043B41
:1001C00051F8043B40F8043B51F8043B40F8043B31
:1001D00051F8043B40F8043B51F8043B40F8043B21
:1001E00051F8043B40F8043B51F8043B40F8043B11
:1001F00051F8043B40F8043B51F8043B40F8043B01
:1002000051F8043B40F8043B51F8043B40F8043BF0
:1002100051F8043B40F8043B51F8043B40F8043BE0
:10022000403ABDD2303211D351F8043B40F8043B80
:1002300051F8043B40F8043B51F8043B40F8043BC0
:1002400051F8043B40F8043B103AEDD20C3205D390
:1002500051F8043B40F8043B043AF9D2043208D088
:10026000D2071CBF11F8013B00F8013B01D30B88FA
:1002700003806046704700BF082A13D38B078DD0D8
:1002800010F003038AD0C3F10403D21ADB071CBFAA
:1002900011F8013B00F8013B80D331F8023B20F814
:1002A000023B7BE7043AD9D3013A11F8013B00F84D
:1002B000013BF9D20B7803704B7843708B788370D5
:1002C000604670472DE9F84F04461546CA488846EF
:1002D00000F06EFE002D00F0BC8115F00702C7494A
:1002E0004FF0000351D0012A41D0022A34D0032A12
:1002F00027D0042A1AD0052A0DD0062A40F05382AE
:1003000034F92320086800FB02F2161306F30F07E6
:1003100024F82370013334F92320086800FB02F22B
:10032000161306F30F0724F82370013334F9232042
:10033000086800FB02F2161306F30F0724F8237077
:10034000013334F92320086800FB02F2161306F388
:100350000F0724F82370013334F92320086800FBC9
:1003600002F2161306F30F0724F82370013334F951
:100370002320086800FB02F216139A4606F30F07C3
:1003800024F8237001339D425BD0086834F92320A0
:1003900000FB02F21613581C06F30F0724F8237013
:1003A0000E6834F9202006FB02F2171307F30F063C
:1003B00024F82060981C0F6834F9202007FB02F213
:1003C000161306F30F0724F82070D81C0E6834F9B2
:1003D000202006FB02F2171307F30F0624F8206013
:1003E000181D0F6834F9202007FB02F2161306F3DC
:1003F0000F0724F82070581D0E6834F9202006FBE2
:1004000002F2171307F30F0624F82060981D0F68F7
:1004100034F9202007FB02F2161303F1070A06F352
:100420000F0724F82070086834F92A20083300FBED
:1004300002F29D424FEA223606F30F0724F82A7093
:10044000A3D16F4D1AF0010FD5E902712A686B68CC
:1004500004F10406D14623D136F9040C0028B8BFB4
:10046000404285B236F9020C0028B8BF4042AD1AAE
:1004700080B2C01A002DD4BF8C46BC4605FB0CF9D7
:100480000028D4BF0D463D4605FB00F002EBE932E3
:10049000043603EBE0330AF1FF39BAF1000F49D01B
:1004A00036F9040CB346002836F9026CB8BF404256
:1004B00085B2002EA5EB020EB8BF76423BF9045B75
:1004C000B0B2A0EB030C3BF9020C002DB8BF6D429B
:1004D0000028B8BF40420BF10406BEF1000FD4BFA4
:1004E0008B46BB460EFB0BFE02EBEE32BCF1000F5F
:1004F000D4BF8E46BE460CFB0EFCADB2AD1A03EB6C
:10050000EC3380B2A0EB030B002DD4BF0846384675
:1005100000FB05F5A9F1020902EBE532BBF1000F82
:10052000D4BF0D463D460BFB05FCB9F1FF3F03EB85
:10053000EC33B5D1324F1AF00300C7E90023314A3A
:100540004FF0000352D01668B4F90010002E00F0EE
:100550000C81731E136001212368C8F800308842A3
:100560000B4643D0022840F0D080116834F9236054
:10057000002900F0DC804D1E156054F8239048F8E7
:1005800023901168013334F9236000293CD04D1EBB
:1005900054F8230015609A4548F8230003F101013F
:1005A00057D0136834F92150002B00F090805F1E63
:1005B000176054F8210048F821001368481C34F9EA
:1005C0002050002B65D05F1E176054F8205048F86B
:1005D00020501368881C34F92060002B3BD05F1E2C
:1005E000176054F8206048F82060CB1C116834F97B
:1005F00023600029CBD107E0F86800200400002028
:100600005C500020000000207B48D0F8881C371187
:10061000D0F88C6C01F2FF3507F5006BAF1BC7F308
:1006200009010FFA8BFC09B904250570D0F88C7C00
:1006300000EB47090137C7F30906C0F88C6C9A45EF
:1006400054F82300A9F888C403F1010148F82300F5
:10065000A7D1BDE8F88F3511674E05F50063D6F8D0
:10066000887C0FFA83F9D6F88C3C07F2FF35EF1A35
:10067000C7F309050DB904233370D6F88C5C06EB7B
:10068000450B0135C5F30907ABF88894C6F88C7C97
:10069000A7E72E11584D06F50063D5F8887C0FFAB0
:1006A00083FBD5F88C3C07F2FF36F71AC7F309062F
:1006B0000EB904232B70D5F88C6C05EB460C013673
:1006C000C6F30907ACF888B4C5F88C7C7DE74A48C6
:1006D000D0F8883CD0F88C7C2E1103F2FF3506F55B
:1006E000006BEE1BC6F309030FFA8BFC0BB9042554
:1006F0000570D0F88C7C00EB47090137C7F3090679
:10070000A9F888C4C0F88C6C53E7166834F9210046
:10071000002E53D0751E156054F8210048F82100B2
:100720004B1C116834F9236000297FF424AF32494F
:100730003711D1F8886C07F50060D1F88C7C06F28F
:10074000FF350FFA80FBE81BC0F309060EB904253C
:100750000D70D1F88C7C01EB470C0137C7F3090011
:10076000ACF888B4C1F88C0C07E7234B0D11D3F813
:10077000886C05F50067D3F88C5C06F2FF310FFA40
:1007800087F94F1BC7F309060EB904211970D3F876
:100790008C5C03EB450B0135C5F30907ABF8889476
:1007A000C3F88C7CD7E60868B4F9003000FB03F38B
:1007B0001E13012306F30F072780A1E507110E483A
:1007C000D0F8886C07F50063D0F88C7C06F2FF3512
:1007D0000FFA83FCEB1BC3F309060EB90425057061
:1007E000D0F88C7C00EB47090137C7F30903A9F85F
:1007F00088C4C0F88C3C8FE720420020704700BFBF
:10080000FEE700BFFEE700BFFEE700BFFEE700BF58
:10081000704700BF704700BF704700BF08B5384839
:1008200001F0D6F9374A3848D2E900318B42B8BFD7
:100830000B460268B3F5005F02F0800EA3F500538B
:1008400013DA9A0016D5C2F3C71300212C4A11708F
:100850002E49537009784FF0000C82F802C003292A
:100860001AD8DFE801F02F421E1440F2551101FBA7
:1008700003F31A12B2F5804F03DAC2F38711FF2394
:10088000E4E782F47F5CCCF38713FF21DEE7FF20EF
:100890004FF47F4310711360BDE80840184801F021
:1008A00063B9BEF1000118BF01214B4200204FF097
:1008B000FF0E1071D370A2F800E0BDE808401048A8
:1008C00001F052B9BEF1000318BF01235942C8B26A
:1008D0004FF0000C60F3070C60F30F2CA2F803C07C
:1008E000BDE80840064801F03FB90368002143F322
:1008F00040101071D170BDE80840014801F034B9D2
:10090000545000205C5000200C6900201842002048
:100910000D4B0E4918890A68430810B50C480D4C58
:1009200003FB03F301329B130A600360204601F0CE
:1009300069F921787F2902D1074C01222270BDE894
:100940001040FFF76BBF00BFF86800200C69002063
:100950000400002050500020194200202DE9F041F1
:10096000684C05460E4602F09BF8F32002F0A8F80A
:100970002368B3F1006F00F0BF80634822688242B1
:1009800000F0B580614927688F4200F0AB80604B72
:100990002068984200F0A1805E4922688A4200F0F7
:1009A00097805D4F2368BB4200F08D805B482168D3
:1009B000814200F083805A4F2268BA4279D0594B65
:1009C0002068984270D0584927688F4267D0574BAB
:1009D00022689A425ED056482168814255D0002E46
:1009E00051D055F8041B206802F0FAF8771E2068F1
:1009F000C7F3810804270430BE42206043D9B8F110
:100A0000000F1FD0B8F1010F12D0B8F1020F07D0BC
:100A100055F8041B02F0E4F8206804300827206031
:100A200055F8041B02F0DCF82368181D0437206019
:100A300055F8041B02F0D4F8206804370430BE4295
:100A4000206020D9A846103758F8041B02F0C8F8D7
:100A50002068D8F800100430206002F0C1F8206847
:100A6000A9680430206002F0BBF82068E96804300F
:100A7000206002F0B5F82068BE4200F1040005F1E4
:100A800010052060DED8BDE8F0810221582002F078
:100A900079F8A4E70221502002F074F89BE70221C4
:100AA000482002F06FF892E70221402002F06AF835
:100AB00089E70221382002F065F880E70221302022
:100AC00002F060F877E70221282002F05BF86DE77A
:100AD0000221202002F056F863E70221182002F0DC
:100AE00051F859E70221102002F04CF84FE702219B
:100AF000082002F047F845E70221002002F042F802
:100B00003BE700BF144200200040000800800008BE
:100B100000C00008000001080000020800000408EE
:100B2000000006080000080800000A0800000C0881
:100B300000000E0830B585B0002101A801F070F862
:100B40001A481B4C00F09AFF1A4B4421996000226E
:100B500002200121C3E90022D860012502F0FAFA3F
:100B60004FF0807002A9CDE90250204602F058F8FB
:100B7000114801F031F82946204602F063F90F4C84
:100B8000011E18BF01214BF68032204600F07CFD8B
:100B90000B4A3021204600F0C1FD0A4800F046F91A
:100BA00001A801F045F805B030BD00BF5450002049
:100BB000000402405C500020505000206C50002087
:100BC000C5020008F868002038B5164D164C2846B6
:100BD000002244F6206101F0B5FB08231A462046A6
:100BE0004FF0005101F060F8D4F8883CC4F88C3C18
:100BF0000E4AD4F8100DC4F8140D002313800C49CC
:100C00000C4AA4F88434A3602370A36123611024E8
:100C10002B70A5F80E3185F80C41074D0D6013704F
:100C200038BD00BF384F0020204200201042002075
:100C30001442002018420020008000082DE9F04FE7
:100C400083B0FFF7C1FFFFF775FF6C48022102F088
:100C5000F9F8002840F08B80694C6A4F6A4E6B4D62
:100C6000DFF8C49104F58E682378042B00F08B80A4
:100C7000D4F88C2CD4F8881C501A10F4787F1CD02F
:100C8000D4F88C2CD4F8881C501AC0F3090272B91D
:100C900013E0012B00F0AE8001F06EF9D4F88C3C2B
:100CA000D4F8881C581AC0F3090232B1237854488A
:100CB000002BEED101F002F9F0E7D4F8143DD4F89E
:100CC000101D581A4306CFD0D4F8103D4F48E218F3
:100CD000013303F07F0392F8901CC4F8103D01F03B
:100CE00093FB042883463CD8BBF1020F48494FF0E0
:100CF00001004FF4807246D8DFD1B6F800A0454B12
:100D000038700AF03F0C03EB0C20FFF741FA0AF1B0
:100D100001001FFA80FA1AF03F033F49A6F800A02D
:100D20004FF000024FF0100C4FF003003BD0D4F80E
:100D3000103DC4F8143DD4F8143DD4F810ED2A70D9
:100D4000A3EB0E0BC8E90111A5F80E21C4F87C2411
:100D5000A4F884245FEA4B6285F80CC12070B3D1FB
:100D600082E70528A9D1D4F8143DD4F8103D2B48CA
:100D700000F052FD2A4800F001F901F017FC294863
:100D800001F052FCFEE702210020D4F8143DD4F813
:100D9000103D397089F8000099F80020002AFBD036
:100DA000FFF712FF60E702464FF4804119480193B4
:100DB0003A70FFF7D3FDD4F8880CC4F88C0CD4F843
:100DC000103DC4F8143DD4F8142DD4F8100D019B37
:100DD0002B701021121A85F80C115106A5F80E314E
:100DE000A4F88434A36084F800B0A36123617FF485
:100DF0006BAF39E7024801F08DF84FE7000402407D
:100E0000204200201842002010420020384F0020CD
:100E1000394F00201002002000FCFFFF6C50002022
:100E2000F868002000800008194200202DE9F043F6
:100E300001219DB004464FF4800002F08BF901219E
:100E4000084602F087F901214FF48070002502F076
:100E500099F94FF00308FF2301A94548DFF81891DD
:100E600001938DF80B508DF8088001F0D9FE4148B0
:100E70000F944FF400524FF480614FF48076CDE927
:100E800015264FF4003301260827CDE90D50CDE992
:100E900012514FF400640DA9484617931494CDE9FC
:100EA0001057CDE91A551895199601F0A3FD314652
:100EB000484601F0CBFD4FF4403004904FF4706190
:100EC00003A806910395059501F07AFC0B9404F1B3
:100ED000804404F58C3907A94846CDE909550795A2
:100EE000ADF820608DF8307001F040FC324631469C
:100EF0004846072301F084FC022211464846072396
:100F000001F07EFC424648460723042101F078FCAC
:100F1000414648460723042201F072FC052211468F
:100F20004846072301F06CFC062211464846072379
:100F300001F066FC072329461A46484601F060FC8A
:100F4000072319463A46484601F05AFC31464846BE
:100F500001F0B0FC3146484601F048FC31464846B5
:100F600001F09EFC484601F095FC1DB0BDE8F08301
:100F7000000002404C2001401064024010B50A4CB1
:100F80000A48002101F062FD2046002101F092FC98
:100F90002046002101F02AFC2046002101F080FCBF
:100FA000BDE8104001F0D4BB0020014010640240B5
:100FB000014801F06FBC00BF0020014030B50121A5
:100FC00083B0224C062002F0C5F8214B4FF440625A
:100FD00069462046CDE9002301F022FE2046042286
:100FE0000A2101F03BFF042220460B2101F036FFCD
:100FF00040F202254FF47040CDE90005154D6946D9
:10100000204601F00DFE402369462846009301F07A
:1010100007FE204605220C2101F020FF2046052274
:101020000D2101F01BFF204605220F2101F016FFC4
:10103000204605220E2101F011FF28460522062137
:1010400001F00CFF012003B030BD00BF00040240DE
:10105000020201000008024070B5002084B014466E
:101060000E4602F071F8002002F020F84BF68033B3
:101070009C420CD04AF64440844267D0B4F5FA4F03
:101080006AD038498C425BD0002004B070BD032187
:101090004FF4817002F000F8012002F007F83B20C5
:1010A00002F094F84FF4805548BB3B2002F08EF8D4
:1010B00002463B201ABB02F089F803463B20F3B9F5
:1010C00002F084F801463B20C9B902F07FF80246DD
:1010D0003B20A2B902F07AF803463B207BB902F02C
:1010E00075F801463B2051B902F070F802463B20EA
:1010F0002AB902F06BF810B9083DD6D1C4E7012136
:101100004FF4804002F032F8174802F079F8750287
:101110000020AEB26946ADF80200ADF80400ADF8AB
:101120000C0011480294ADF80060ADF8066002F0C2
:10113000CFF80E48694602F04FF9012004B070BDA7
:10114000042140F2891001F0A7FFA5E7062140F233
:101150000F1001F0A1FF9FE704214FF4D57001F0BB
:101160009BFF99E700770100003800400034004001
:1011700070B583480E464FF40031154601F070FFFC
:101180004FF4961400283AD04FF400317C4801F017
:1011900067FF03464FF40031794883B301F060FFE5
:1011A00002464FF4003176484AB301F059FF034636
:1011B0004FF40031724813B301F052FF02464FF46E
:1011C00000316F48DAB101F04BFF03464FF40031B4
:1011D0006B48A3B101F044FF02464FF40031684868
:1011E0006AB101F03DFF03464FF40031644833B16A
:1011F00001F036FF18B1083CC6D1002070BD604830
:10120000012101F0F7FE5F495D4801F01BFF4FF43B
:101210008054002831D15B49594801F013FF024640
:10122000584957484ABB01F00DFF034655495448F9
:101230001BBB01F007FF024652495148EAB901F0D1
:1012400001FF03464F494E48BBB901F0FBFE024681
:101250004C494B488AB901F0F5FE034649494848D4
:101260005BB901F0EFFE0246464945482AB901F054
:10127000E9FE10B9083CCED1BFE741480022342135
:1012800001F0D4FE40493E4801F0DCFE4FF48054AA
:10129000002831D13C493A4801F0D4FE03463A498E
:1012A00037484BBB01F0CEFE0246374934481ABBE3
:1012B00001F0C8FE034634493148EBB901F0C2FEE3
:1012C000024631492E48BAB901F0BCFE03462E4908
:1012D0002B488BB901F0B6FE02462B4928485AB973
:1012E00001F0B0FE0346284925482BB901F0AAFEBB
:1012F00010B9083CCED180E7C5F3002141EA46048D
:101300001F48E1B201F09CFE20491D4801F09AFE01
:101310004FF4805600283BD11C49194801F092FE39
:1013200002461A491648002A32D101F08BFE0346C4
:101330001649134863BB01F085FE04461349104863
:1013400034BB01F07FFE024610490D4802BB01F09C
:1013500079FE03460D490A48D3B901F073FE0446ED
:101360000A490748A4B901F06DFE0246074904483E
:1013700072B901F067FE58B9083ECDD13DE700BF14
:1013800000580040010003008200070080000700B1
:101390003E48E9B201F054FE3D493C4801F052FE9E
:1013A0004FF48056002831D13949384801F04AFEBF
:1013B0000546374935484DBB01F044FE03463449E4
:1013C00032481BBB01F03EFE044631492F48ECB9C0
:1013D00001F038FE02462E492C48BAB901F032FE1F
:1013E00005462B4929488DB901F02CFE03462849B2
:1013F00026485BB901F026FE0446254923482CB94E
:1014000001F020FE10B9083ECED1F6E621491F4872
:1014100001F026FE4FF49616002831D11D491B48D5
:1014200001F01EFE02461B4918484ABB01F018FE97
:101430000546184915481DBB01F012FE0346154923
:101440001248EBB901F00CFE044612490F48BCB932
:1014500001F006FE02460F490C488AB901F000FE71
:1014600005460C4909485DB901F0FAFD03460949F2
:1014700006482BB901F0F4FD10B9083ECED1BCE608
:101480000248012101F0C4FD012070BD0058004058
:10149000800007000400001070B515460E460022BB
:1014A0000F210446FFF764FE08B9002070BD172223
:1014B00000212046FFF75CFE0028F6D0172201210C
:1014C0002046FFF755FE0028EFD0002202212046DB
:1014D000FFF74EFE0028E8D0002203212046FFF748
:1014E00047FE0028E1D0122204212046FFF740FEEB
:1014F0000028DAD0002205212046FFF739FE002817
:10150000D3D08EBB422206212046FFF731FE0028B1
:10151000CBD0422207212046FFF72AFE0028C4D064
:101520004AF644439D421BD014DCB5F5FA5F19D04E
:10153000B5F5FA4F14BF0022182208212046FFF704
:1015400017FE0028B1D020460022BDE870400921D6
:10155000FFF70EBE0F4A95420CBF1C220022ECE79B
:101560002022EAE70C22E8E7622206212046FFF764
:10157000FFFD002899D0022207212046FFF7F8FD41
:10158000002892D04AF64440291AB1FA81F56E0932
:101590007201D2E7007701002DE9F84F344E04467E
:1015A00001214FF4001001F0D5FD0021304601F07B
:1015B0004DFA304601F088F92E4A002540234FF4B9
:1015C000806B4FF4006A4FF400594FF480784FF469
:1015D00000374FF6FE70C4E90753C4E90552C4E969
:1015E0000905C4E91055C4E91255C4E90CA9C4E9B8
:1015F0000E87C4F82CB0304604F11401183E01F0F7
:10160000F9F92946304601F021FA304601F05CF93B
:10161000194A6566C4E91655C4E91F55C4E9215540
:101620004FF6FE714FF0C065C4E91452C4E91ABA0E
:10163000C4E91D872166C4F8709004F1500130465A
:1016400001F0D8F90D4C30460122182101F008FABA
:101650004FF4804323600A480122022101F0EAFE90
:1016600001220848114601F0E5FE0120BDE8F88F8F
:10167000706002400C3800400C34004000E100E093
:10168000003800400034004070B51F4B84B0186033
:10169000002303614260017004460E461546FFF7C1
:1016A0008DFC10B9002004B070BD01214FF4800002
:1016B00001F05CFD154801F0E5FB154A1548164B95
:1016C00000934FF48041CDE90120ADF80C100F4894
:1016D000694601F00DFC0D48012101F07DFC2A4610
:1016E00031462046FFF7B8FC0028DBD02A463146B9
:1016F0002046FFF7D1FE0028D4D0204604B0BDE834
:101700007040FFF749BF00BF086900200058004043
:101710000000FFBF33000004A0860100F8B51746A3
:101720000E46012209210446FFF722FD0546002846
:101730003DD0602E53D82378002B3AD03048276113
:10174000818B4A0555D52F48828B53054DD520787E
:1017500004F18C0704F68C43E761A365B70078B900
:1017600062684BF6803C62453CD027498A4244D0AF
:10177000B2F5FA4F04D106EB46008700032300E0E0
:101780000123E3602148A66004F114016762276623
:1017900001F030F91E4804F1500101F02BF91B480B
:1017A000012101F053F91A48012101F04FF92846AF
:1017B000F8BD18484FF4805101F044FB0028F8D1DF
:1017C00014484FF4805101F03DFB0028B6D1114878
:1017D0004FF4805101F036FB0028F1D0AEE7002530
:1017E0002846F8BDF7000223CBE7012101F0E6FD12
:1017F000ADE7012101F0E2FDA5E737010423C0E7D1
:101800000038004000340040007701007060024062
:10181000586002400004024008B50548002101F06C
:1018200015F9BDE808400348002101F00FB900BFD9
:1018300070600240586002400369002B00F0E880AD
:101840002DE9F041D0E9022602FB01F106FB01F48B
:10185000A400054604F68C408C3428442C44002E09
:101860006CD05100012969D900EB820EAEF1020E55
:10187000AEEB000CACF102074FEA570808F1010C7F
:10188000770000EB46011CF0070680462CD0012EA5
:1018900023D0022E1CD0032E15D0042E0ED0052EE0
:1018A00007D0062E40F0BB80B1F9006028F8026F27
:1018B0003944B1F900C028F802CF3944B1F90060C9
:1018C00028F8026F3944B1F900C028F802CF394432
:1018D000B1F9006028F8026F3944B1F900C028F866
:1018E00002CFF045394429D0B1F90060A8F8026070
:1018F00031F907C0A8F804C031F91760A8F80660EC
:1019000001EB470101EB470631F907C0A8F808C011
:1019100031F91710A8F80A1036F907C0A8F80CC05A
:1019200036F91710A8F80E1006EB470606EB47012C
:1019300036F907C028F810CFF045D5D12146984791
:10194000EA68002A62D0A86883009E1E04EB800724
:1019500002FB06430234C2EBC2753A1B901E6900BB
:101960004508013515F0070627D0012E1FD0022E9D
:1019700019D0032E13D0042E0DD0052E06D0062E1E
:1019800047D137F9028DA3F800800B4437F902CD17
:10199000A3F800C00B4437F9022D1A800B4437F925
:1019A000020D18800B4437F9025D1D800B4437F996
:1019B000026D1E80BC420B4428D037F902ECA3F81C
:1019C00000E037F9048C23F8018037F9062C23F85E
:1019D000112003EB410C37F9083C2CF8013037F9A2
:1019E0000A0C2CF811000CEB410537F90C6C6E5207
:1019F00037F90E2C25F8112037F9103D05EB410E73
:101A0000BC422EF801300EEB4103D6D1BDE8F08187
:101A1000704737F902EDA3F800E00B44B1E7B1F9E4
:101A200000C028F802CF39443EE700BF08B5114B8B
:101A30001A6812F0C05F05D10E4B1A6812F0A05F51
:101A40000DD108BD0C484FF0C051996000680121CC
:101A5000FFF7F2FE074B1A6812F0A05FF1D00648BC
:101A60004FF0A05199600068BDE808400021FFF7E1
:101A7000E3BE00BF0060024008690020F0B501210C
:101A80008BB00646042001F065FB0121022001F025
:101A900061FB0121042001F069FB304C3048302308
:101AA00001276946CDE9003701F0BAF84FF4E0703C
:101AB0000225694600902046019501F0B1F82A46BA
:101AC0002046062101F0CAF92A462046072101F0E6
:101AD000C5F92A460821204601F0C0F902A8A4F55C
:101AE000FE3401F00BFDFF2100250391204602A9E1
:101AF000ADF8105002958DF8125001F0A5FC05A824
:101B000001F0FAFD174A059205A920460795ADF8A0
:101B10002050ADF8245001F015FD2046082101F0B9
:101B2000F3FD05A9204601F051FD2046082101F0F2
:101B3000F3FD05A9204601F095FD2046082101F09E
:101B4000F7FD3946204601F0E1FC3946204601F018
:101B5000EBFC3560B5800BB0F0BD00BF0004024067
:101B6000000802406000010010B5174B0278DA63EC
:101B70004178596382789A634179C3781031CAB247
:101B8000FF2B0446427115D09A422CBF002201223D
:101B90000E48102101F05CF92079FF280CD0627901
:101BA0008242BDE8104009482CBF002201222021BA
:101BB00001F04EB90122EBE7BDE8104003480122D5
:101BC000202101F045B900BF000800400008024094
:101BD000002303600371704710B5012182B00446F1
:101BE000022001F0B7FA02224FF0807304486946E0
:101BF000CDE9002301F014F8FF20207002B010BDE1
:101C00000004024038B5044602210448257801F05A
:101C100019F940EA4500207038BD00BF00040240B9
:101C200001B970474FF400414FF0006000F086BDED
:101C30004FF0E023064A10B4F020064C5C6100210E
:101C400082F82300072299615DF8044B1A617047FE
:101C500000ED00E03F90020070B500254FF40076E3
:101C600004468563C563056445648564C56405658C
:101C700045658565C565056645668566C566324602
:101C80002946703001F000FE3246294604F51C70EA
:101C900001F0FAFDB4F880342561A561A4F8705410
:101CA000A4F8823470BD00BF30B4154C54F8222023
:101CB000B2F90050C561B2F902500562B2F90450A0
:101CC0004562B2F906508562B2F90850C562002437
:101CD000B2F90A50B2F90C20A0F880344FF4002376
:101CE000C0F88C4C0563C0F8884C4263C0F8144DB2
:101CF0004161C0F8104D436030BCFFF7ADBF00BF7D
:101D00002C3900082DE9F043B0F88074B0F8705415
:101D1000022F40F2CE8005F20116F21B05F1FF03FF
:101D200096B29BB29C1B4FF0000C14F00304624669
:101D300028D0012C18D0022C0AD0DAB200EB4208CD
:101D400003F1FF39B8F97020B8F970C21FFA89F3AE
:101D50005FFA83FE00EB4E04013BB4F97080B4F9E6
:101D600070929BB24244CC445FFA83FE00EB4E0477
:101D7000013BB4F970E0B4F970829BB2B342724493
:101D8000C4442ED0DCB200EB440E03F1FF399C1E9C
:101D90005FFA89F35FFA84F900EB4308631E00EBF6
:101DA0004904BEF97090BEF970E24A44E644B8F9BD
:101DB0007090B8F970825FFA83FC00EB4C0C4A44D7
:101DC000013BB4F97090B4F97042C6449BB2BCF9BF
:101DD0007080BCF970C24A44A644B3424244F44401
:101DE000D0D1002942D005F58071CF1BBEB2B31C03
:101DF000DCB200EB450E3834BEF9703030F9141007
:101E0000BEF970420136FF35F7B21344EEB26444B6
:101E100000EB47095D1A00EB46088CEAEC77661A7E
:101E200082EAE271A7EBEC73A1EBE27E9E4485EAC5
:101E3000E57486EAE6730EEB8E01A4EBE577A3EB7F
:101E4000E67E7744B7EB910FB9F970E0B9F97032DB
:101E5000B8F97090B8F970824FEA910410D9B0F8CF
:101E600082140131B446A0F882142A46D0436FEAA6
:101E70000C05C60F4FEAD57C0CEB4600BDE8F0839D
:101E800063449644AEEB090EA3EB08068EEAEE75AA
:101E900086EAE677A5EBEE71A7EBE67319448C4270
:101EA000E4D2B0F88224541EB446A0F882447246AC
:101EB000DCE74FF0000C624693E700BF10B415E07A
:101EC000D0F8883C4468816800EB430C0131BCF9D0
:101ED00088240133A2EB242CC3F30903A444B1F5F5
:101EE000805FC0E901C1C0F8883C0BD2D0F88C3CBF
:101EF000D0F8882C991AC1F30904002CE0D15DF8C0
:101F0000044B704700240121C0E9024401705DF8D0
:101F1000044B704730B41BE0D0F8883C44688168BB
:101F2000C56800EB430C0131BCF98824A2EB2422E4
:101F3000013302FB02FC05EB2C15C3F30903144427
:101F4000B1F5805FC0E90215C0F8883C44600AD250
:101F5000D0F88C3CD0F8882C991AC1F30904002CD5
:101F6000DAD130BC70470024B5F5F03FC0E9024437
:101F7000EED302210170F4E72DE9F84F0446D4F8BE
:101F80008C3CD4F8882C981AC0F30901002900F081
:101F9000A181D4E904563544D4F8881CD64A280EC9
:101FA00000F1400804EB41075FFA88F9B7F988C4EB
:101FB00032F91930676832F910A0E069D4F820903E
:101FC000ACEB272C5A420CFB02FB0AFB0CF31A1257
:101FD0004FEA2B2A00FB0AF300FB02FEA06DC4F8B7
:101FE00054A000FB0938E36B606AA26303FB09EBB2
:101FF000E36D03FB0089236C03FB00BEA06A236E24
:1020000003FB0098636CD4F82C9003FB00EB606E2C
:10201000A36C674403FB09BE00FB098CA36E206B15
:10202000D4F834B0676003FB00C8E36CE76E01319D
:1020300003FB00E9C1F30901236DC4F8881C1822D1
:1020400004F1540104F1580007FB0B8A03FB0B98C1
:1020500001F09AFB182204F1380104F13C0001F070
:1020600093FB2178A769BAF1000FB4BFC8F1000053
:102070004046B8F1000FB4BFCAF10002524602292F
:1020800014BF801AAAEB0800B4F8702407EB470BC2
:1020900083444FEAAB0C04EB42004FEA2A2305EBE2
:1020A000CC0506EBEB064FEA282EC4E90456C4F82B
:1020B00018C0A0F87032A0F870E0B4F88294013231
:1020C00009F1FF37D2B2BBB2A4F87024A4F882346D
:1020D000002B40F09680B4F88004A4F88204032911
:1020E00000F0AB80052900F0998002297FF447AF0A
:1020F00002287FF644AFC0F58075013502F1FF0B71
:1021000015441FFA8BF1ADB24E1B16F003069A462A
:102110001ED0012E0DD0022E40F0DE80CFB204EB97
:1021200047080139B8F970B0B8F9706289B2DA4479
:102130003344CFB204EB470901F1FF3CB9F9708099
:10214000B9F970B21FFA8CF18D42C2445B4432D0AF
:1021500001F1FF3ECEB204EB46075FFA8EF10EF1BD
:10216000FF3B04EB4109B7F97060B7F970C2B9F9E8
:102170007080B9F970E20BF1FF315FFA8BF704EB75
:10218000470B5FFA81F9B24404EB49066344BBF99B
:1021900070700AEB080C0139BBF97082B6F970A0B7
:1021A000734489B2B6F970E20CEB070B43448D42DD
:1021B0007344DA44CCD11AEA030F7FF5E0AEB4F8E9
:1021C00084540135ABB2202BA4F884347FF4D7AE0D
:1021D0004A4DD4F8106DC4F8146D002102F5807ECC
:1021E00003231FFA8EF72370C4F87454C4F878548C
:1021F000AE46C4F87C14A4F884148A464FEA40081A
:1022000032E003297FF4BBAE02F58071B4F880049C
:10221000D4F874E4D4F87CA48FB221E001212046E4
:10222000FFF770FDD4F8147DE219013707F07F063F
:1022300082F8900CC4F8146DA1E6D4F8146DA519B9
:102240004FF0040E85F890EC013606F07F0302F59E
:102250008071D4F87CA4D4F874E4C4F8143D8FB22F
:102260004FEA4008002865D000252E46791B5FFA0A
:1022700081FC04EB4C0B8542BBF97030BBF970124A
:1022800005F101052CBF4FF0010B4FF0FF3BADB244
:102290000BFB03692CBF4FF0FF360126A84506FB58
:1022A0000196E3DCB245B8BFC4F87C64002E1EDBA7
:1022B000A2EB500292B2764507DAD4F8783473452F
:1022C00003DAD4F87C1471451AD0C4F878E4C4F861
:1022D000746454E6BDE8F88F5FFA81FC04EB4C09A6
:1022E0004B1E99B2B9F970A0B9F9703216E7002700
:1022F000C4F87C74DCE700BF0800002000FCFFFF8E
:10230000D5B204EB450ABAF97070002FDDDABAF9DC
:102310007022002AD9DDB4F88434013399B204293B
:10232000A4F8841400F1FF3004BF05212170A4F843
:102330008204CAE7BAF1000F01DAC4F87C0400266F
:10234000B9E700BF00234FF0100C037080F80CC1F8
:10235000A0F80E31A0F80A31A0F8101180F812216F
:10236000C0F81431704700BF90F80C310B41DB0707
:1023700006D5042944D8DFE801F0192F29350600D5
:10238000032202707047B0F80E11B0F8102101312D
:102390001FFA81FC6245A0F80EC102D8B0F80A31DC
:1023A0005BBB41F21601A0F80C11704790F80DC10B
:1023B0000CF1FF330822DBB280F80C2180F80D31DC
:1023C0001BB901210180C0F806317047022290F844
:1023D0000D3180F80C21F3E70C2190F80D3180F8D5
:1023E0000C11EDE790F80DC10CF1FF330121DBB2C8
:1023F00080F80C1180F80D31E2E705220270704779
:1024000090F80D31DCE700BF0278F8B50446C2B1A0
:10241000012A14D1B0F8060104EB000C0B469CF81D
:10242000011019438CF80110B4F808510135AEB20F
:10243000042EA4F8086109D08F008CF801701046B2
:10244000F8BDFFF791FF02781046F8BD013080B269
:102450000023B0F5827FA4F80831A4F8060102D069
:1024600004446370EBE74E4A631C04F2011C4FF016
:10247000FF311E469D7816F8017B4F40F8B2367842
:1024800052F8207087EA112086EA0001CEB20833A4
:1024900052F8267087EA10204540E9B252F82160D0
:1024A00086EA102713F8050C7840C5B252F82510BB
:1024B00081EA172613F8047C13F8031C7740F8B25E
:1024C00052F8205085EA16277940CEB213F8025C04
:1024D00052F8260080EA17277D40E9B29C4552F861
:1024E000216086EA172013F8017C87EA0007FDB215
:1024F00052F8251081EA1021BBD1D4F80121CE4336
:1025000013BAB34207D004222270B4F80A3101335F
:10251000A4F80A3193E794F812010227277008B94A
:102520000222F2E7D4F81451234604F5807C59784E
:102530001C4893F802E081EA15661B495E7000FBB7
:10254000051500FB05178EEA15659D70DD7800FB0B
:10255000071685EA17671D79DF705F7900FB0612A1
:1025600085EA16661E7187EA12659E795D7100FB29
:102570000212DD7986EA126700FB021285EA126612
:102580009F71DE7100FB021700FB071513F8080F9F
:1025900080EA17619C451970C9D1C4F81451BFE78E
:1025A000D03900080D6619005FF36E3C1B4A1C4BC6
:1025B0004FF0E02010B44FF0FF310424C2F8801037
:1025C000C2F88410C2F88011C2F884110461D3F8F3
:1025D0000008144A40F00101C3F80018D3F8604A1B
:1025E0002240C3F8602AD3F8002822F0847121F435
:1025F0008034C3F80048D3F8002822F48021C3F8BF
:102600000018D3F8604A002024F4FE02C3F8602AC0
:102610005DF8044BC3F8C00C704700BF00E100E058
:10262000003002400000FFF880B44368026800AF49
:1026300082F30888BD465DF8047B18473A483B4B57
:10264000D0F8882042F4700282B0C0F888201A685E
:10265000002142F001021A6099601A68A0F1BC2CB6
:1026600022F08472ACF1F00022F480321A605860DB
:10267000186820F480221A60D960009101911968CD
:1026800041F48030186003E0009AB2F5A04F0AD000
:10269000264B1A6802F40031019100980130009035
:1026A000019B002BF0D02149086810F4003318BFBB
:1026B00001230193019A012A05D01B494FF00063C1
:1026C0008B6002B07047194B19491A6C194842F0D7
:1026D00080521A640A6842F440420A60996899601C
:1026E0009A6842F4004199609A6842F4A051996056
:1026F0005860186840F080721A600C4B19688A01A3
:10270000FBD50D4840F205620260996821F0030094
:1027100098609A6842F002019960044B986800F052
:102720000C02082AF9D1C8E700ED00E000380240A9
:102730000070004008544007003C024021F0604116
:10274000024B21F07F0202439A60704700ED00E0E7
:1027500008B501214FF4807000F02CFDBDE8084061
:1027600000214FF4807000F025BD00BF10B4436815
:102770000C790A6823F0407C2CF4807343EA04242B
:102780001443D1E9032313438A68446084681343E4
:102790000A4A22404C79134343EA44038360097D8B
:1027A000C46A01F1FF3C24F470035FFA8CF243EA3F
:1027B00002515DF8044BC162704700BFFDF7FFC0D6
:1027C00042680368074910B413434C68064A224024
:1027D000D0E902401343234303435DF8044B4B60AD
:1027E000704700BF00230140E030FCFF836819B14F
:1027F00043F001028260704723F00101816070475D
:10280000092910B52CD9A1F10A0E0EEB4E0CC468A3
:102810004FF0070E03FA0CF30EFA0CFC24EA0C043A
:102820002343C360062A0CD802F1FF3C446B0CEB37
:102830008C021F23934024EA030491402143416307
:1028400010BD0C2A1AD8A2F1070C036B0CEB8C02FA
:102850001F24944023EA040391401943016310BDEF
:10286000046901EB410E4FF0070C0CFA0EFC03FA61
:102870000EF324EA0C0423430361D3E70D3AC36A41
:1028800002EB82021F24944023EA0403914019437F
:10289000C16210BD836843F080418160704700BF12
:1028A000836819B143F480728260704723F48071A9
:1028B00081607047836819B143F400728260704789
:1028C00023F40071816070470268364910B4002318
:1028D00022F0010221248842026003604360836089
:1028E000C3600361446138D02F4B98422ED02F4CE7
:1028F000A0423CD02E49884240D02E4B984232D044
:102900002D4CA04241D02D49884246D02C4B9842B4
:1029100017D02C4988423CD02B4B984216D02B4CD8
:10292000A04224D02A49884228D02A4B98421AD063
:10293000294CA04229D0294988422ED0284B9842C0
:1029400008D14FF03D5243F8AC2C03E04FF47464CF
:1029500043F8204C5DF8044B704722495DF8044B66
:102960003D2088607047204843F8640CF2E74FF43C
:10297000741244F8382C5DF8044B70474FF07463C0
:102980005DF8044B41F8503C7047184944F87C1CF2
:10299000E0E73D2041F8080CDCE7154C41F8944C89
:1029A000D8E700BF1060024028600240406002404B
:1029B000586002407060024088600240A06002409F
:1029C000B860024010640240286402404064024043
:1029D000586402407064024088640240A06402406F
:1029E000B8640240006002403D000020400F00201B
:1029F00000003D2030B40B68CC684A692343D1E91C
:102A0000065413432B43D1E9085223432B438C6ACA
:102A1000056813434A6B23438C6B134323430A4CCF
:102A2000CA6A2C4023430D6B036043690C692A4337
:102A3000D1E9011523F0070C42EA0C03436144601D
:102A40008160C56030BC70473F801CF0036819B1DD
:102A500043F001020260704723F0010101607047FA
:102A60000B060CD54369AAB143F08003802943616A
:102A70000FD0026801F01E011143016070478029E8
:102A800007D0002AF5D1036801F01E0123EA0102F4
:102A90000260704723F0800280294261F3D17047C1
:102AA000044B1A69002A03DA034904485960586044
:102AB000704700BF003C024023016745AB89EFCD62
:102AC000014BD860704700BF003C02400E4BDA68F3
:102AD000D20310D4D968C9060FD4DA68D20510D44D
:102AE000D96811F0E00F0AD1DB6813F0020F0CBFB8
:102AF00009200820704701207047062070470720F2
:102B000070470220704700BF003C024000B583B010
:102B100009238DF80730FFF7D9FF8DF807009DF8DE
:102B20000700012813D022E0D868C20524D4DA684F
:102B300012F0E00F22D1DB6813F0020F0CBF092264
:102B400008228DF807209DF8071001290FD10C4BA2
:102B5000D968C8034FF00102F3D4DA68D106E3D58F
:102B600006228DF807209DF807100129EFD09DF867
:102B7000070003B05DF804FB0222E2E70722E0E76A
:102B8000003C024070B5022994BF0C024FF440741F
:102B90000546FFF7BBFF092800D070BD0F4E336913
:102BA00023F440703061316921433161326922F090
:102BB000F804346133692B4343F002053561306911
:102BC00040F480313161FFF7A1FF326922F0020445
:102BD0003461336923F0F805356170BD003C024073
:102BE00070B505460C46FFF791FF092800D070BD6F
:102BF0000A4E336923F440703061316941F4007248
:102C00003261336943F0010030612C60FFF77EFFD1
:102C1000356925F00104346170BD00BF003C0240FD
:102C200000232DE9F0430C689E4624E00EF1010CD0
:102C3000012606FA0CF939EA040503F1020300F053
:102C4000CF800CF101070122BA4032EA040603F1F9
:102C5000020500F08E800CF102070122BA4032EA30
:102C6000040603F1040541D0BCF10D0F0CF1030E75
:102C700003F106037BD0012202FA0EF838EA0405BC
:102C8000D4D1066803259D4026EA0507076091F820
:102C90000490D0F800C009FA03F609F1FF37EA43BF
:102CA000012F46EA0C05056014D886683240826020
:102CB0004A7985689A402A438260476827EA08066D
:102CC000466091F80680456808FA0EFC1FFA8CF2FF
:102CD0002A434260C76803269E4027EA0602C26074
:102CE000CF79C5689F402F43C7609FE706684FF0C4
:102CF000030808FA05F926EA0906066091F804E0D7
:102D00006FEA0906D0F800900EFA05F80EF1FF3EC2
:102D100048EA0909BEF1010FC0F8009015D8D0F8B3
:102D2000088006EA080686604E79D0F80890AE4022
:102D300046EA09068660466826EA020242608E7903
:102D40004268BE40B7B217434760C7680326AE402B
:102D500027EA0602C260CF79C668AF403743BCF1AC
:102D60000D0FC7600CF1030E03F1060383D1BDE81C
:102D7000F083D0F800800326AE4028EA0609C0F8A8
:102D800000906FEA060E0E79D0F8009006FA05F86A
:102D9000013E48EA0909012EC0F8009014D886685F
:102DA0000EEA060686604E79D0F808E0AE4046EAA4
:102DB0000E068660466826EA020242608E79426804
:102DC000BE40B7B217434760C7680326AE4027EA44
:102DD0000602C260CF79C668AF403743C7603AE7A2
:102DE0000268032707FA03F622EA0605056091F850
:102DF00004E00268F7430EF1FF350EFA03F61643BE
:102E0000012D066012D88268174087604D79866868
:102E10009D4035438560426822EA090747608D7905
:102E2000476805FA0CF6B2B23A434260C668032519
:102E30009D4026EA0502C260CF79C6689F403743AD
:102E4000C760FEE60369194214BF012000207047E5
:102E50000AB1018370474183704700BFCB0800EB84
:102E6000830001F00701036A89004FF00F0C0CFA90
:102E700001FC23EA0C030362036A8A401A430262DC
:102E8000704700BF08B5174B984206D016498842D4
:102E90000FD0164A904218D008BD01214FF40010FF
:102EA00000F07CF9BDE8084000214FF4001000F06C
:102EB00075B901214FF4800000F070F9BDE80840B9
:102EC00000214FF4800000F069B901214FF40000A7
:102ED00000F064F9BDE8084000214FF4000000F064
:102EE0005DB900BF0054004000580040005C004045
:102EF00070B5868884B026F03F0204461304684605
:102F00001E0C0D4600F0D8F830480299A0FB0132A3
:102F100046EA9243A380268826F0010003041E0C93
:102F200026802B682A4EB3424FEA924026D85B0097
:102F3000B1FBF3F6B1B20130042938BF042120847B
:102F4000A1832288A9886E8990B240F0010CA4F870
:102F500000C0B4F800E02EF4816323F00202314394
:102F60001004AE892D89030C2E430B4399B21FFA2E
:102F700086FC2180A4F808C004B070BDB5F806C076
:102F80004BF6FF7EF4451AD003EB830202EB82037B
:102F9000B1FBF3F18EB246F4804ECEF30B0109B9CA
:102FA0004EF0010E0B4E4FF4967303FB00F0A6FBA0
:102FB0000020820901324EF400412284C0E703EB75
:102FC0004302B1FBF2FC1FFA8CFEE6E783DE1B43F3
:102FD000A0860100D34D6210038821B199B241F05F
:102FE00001020280704723F001010A04130C0380E0
:102FF000704700BF038821B199B241F4807202800A
:10300000704723F480710A04130C0380704700BFDB
:10301000038821B199B241F400720280704723F411
:1030200000710A04130C0380704700BF1AB141F00D
:1030300001010182704701F0FE010182704700BF6B
:1030400001827047838A028B98B240EA02430B40A8
:1030500023F07F42511AB1FA81F04009704700BF56
:1030600082B000230A0F0093019301900092009B0D
:1030700021F07F4153B1019B14330193019A1368EE
:103080000B4214BF0120002002B07047019A183291
:10309000090C0192F2E700BF034B090741EA8010D7
:1030A000C3F88400704700BF00380240014B9866A7
:1030B000704700BF000047421F4A936803F00C01AD
:1030C000042910B436D008291BD01C4B1A4A0360BF
:1030D00094681B49C4F3031C11F80C40E34043609F
:1030E0009468C4F3822C11F80C4023FA04F4846031
:1030F0009268C2F34234095D5DF8044BCB40C36073
:10310000704754685368516803F03F0C0A4B14F43D
:10311000800FC1F38814596814BF0A4A074AB2FBEA
:10312000FCF202FB04F4C1F3014201325300B4FB90
:10313000F3F3CBE7034BC9E7003802400024F40067
:10314000D03D000800127A00014BC3F85C017047C3
:1031500000004742044A136B11B1034313637047E5
:1031600023EA00001063704700380240044A136CE1
:1031700011B103431364704723EA000010647047E1
:1031800000380240044A536C11B103435364704742
:1031900023EA00005064704700380240044A136A72
:1031A00011B103431362704723EA000010627047B5
:1031B00000380240044A536A11B103435362704716
:1031C00023EA000050627047003802404309012B97
:1031D0000BD00A49022B0CBF096F496F00F01F008A
:1031E00021FA00F303F001007047044A116800F06F
:1031F0001F0021FA00F303F001007047003802407D
:1032000008B52D4B98421BD02C49884224D02C4A1B
:1032100090422DD02B4B984206D02B49884233D078
:103220002A4A90423CD008BD01214FF40050FFF7DC
:10323000C1FFBDE8084000214FF40050FFF7BABFBE
:1032400001214FF48050FFF7B5FFBDE80840002191
:103250004FF48050FFF7AEBF01214FF48040FFF7DD
:103260009DFFBDE8084000214FF48040FFF796BF66
:1032700001214FF40040FFF791FFBDE80840002115
:103280004FF40040FFF78ABF01214FF48010FFF791
:1032900091FFBDE8084000214FF48010FFF78ABF7E
:1032A00001214FF40010FFF785FFBDE80840002121
:1032B0004FF40010FFF77EBF00300140003800409F
:1032C000003C0040003401400050014000540140E7
:1032D000838BB1F804C023F47B622DE9F04322F024
:1032E0000F0425042E0C022786838C680784838BA9
:1032F000B1F806E0022C9AB23BD02C4EB568BCF176
:10330000000F14BF4FF002084FF001082D0244D403
:10331000264DD5F88460D5F88470C7F302736F68C2
:10332000D5F8049019F4800F07F03F05C6F388160E
:1033300014BF1F4F1F4FB7FBF5F7BEF5007F06FB0D
:1033400007F7B7FBF3F60EBF360A4FEA4818B6FB8D
:10335000F8F606EB86035D00174EB5FBF4F4053472
:10336000A7B2A6FB07431C09A51EFD2DC3F3C0078A
:1033700018D90226B1F800904C8889894CEA0903D3
:103380001A4322430A4397B246EA0E0847F40065FF
:10339000A0F820808583BDE8F083B76827F4000398
:1033A000B360B5E744EA0726E4E700BF003802400F
:1033B00000127A000024F400CDCCCCCC838B21B158
:1033C00099B241F480628283704723F480610A04D9
:1033D000130C8383704700BF838B23F47B6222F03E
:1033E0000F031A04130C4FF0020C00B583830B88F3
:1033F000A0F820C0B0F81CE0B1F802C0B3F5007F1F
:103400001FFA8EF218BFB3FA83F3B1F804E089898A
:103410001ABF5B091B024FF480734CEA0E0C43EA9F
:103420000C030B4313439AB242F4006181835DF8AD
:1034300004FB00BF83889BB212B10B4383807047AB
:1034400023EA01018180704730B4284D03884C681D
:103450000A88A8429BB23CD0254DA84218D0B0F1B2
:10346000804F27D0A5F5803C604523D00CF58065C2
:10347000A8421FD005F5806C60452DD01D4DA84297
:103480002FD10380C4620285012230BC8282704742
:1034900023F07005ABB24D882B430D8923F44073A4
:1034A0002B430380C46202858C7A0486012230BCDF
:1034B000828270474D8823F070039BB22B430989A9
:1034C00023F4407C1FFA8CF30B430380C462028513
:1034D000DAE723F07003DEE74D8823F070032B4317
:1034E000EDE7054DA842CCD0E9E700BF0000014060
:1034F00000040140001000400014004000234FF081
:10350000FF3242600381036083727047038821B1F8
:1035100099B241F080020280704723F080010A04D2
:10352000130C0380704700BF038821B199B241F0AA
:1035300001020280704723F001010A04130C03808A
:10354000704700BF038C23F0010210B51404230C54
:103550000384048CB0F804C0B0F818E024F002032F
:103560001C042EF07302230CB1F80CE04C881204FA
:103570004EEA040E0C88120C2243134C43EA0E034D
:10358000A0421FFA8CFC9BB20AD004F58064A042D2
:1035900006D08968A0F804C002834163038410BD8B
:1035A000CC89B1F810E023F0080323434C8A2CF4B3
:1035B000407C4EEA040E4CEA0E041FFA84FC8C8810
:1035C00023F004032343E4E700000140038C23F0CD
:1035D000100210B51404230C0384048CB0F804C04A
:1035E000B0F818E02EF4E64224F020031404220C74
:1035F000B1F80CE04C884EEA040E0C881B0442EA39
:103600000422174C1B0C43EA0E13A0421FFA8CFC39
:103610009BB292B20AD004F58064A04206D08968B9
:10362000A0F804C002838163038410BD23F0800EE0
:10363000CB894C8A4EEA0313B1F810E02CF4406CAD
:103640004EEA04044CEA84044FF6BF7E1FFA84FC61
:103650008C8803EA0E0343EA041E1FFA8EF3DEE7AA
:1036600000000140038C23F4807210B51404230C75
:103670000384048CB0F804C0B0F81CE024F4007398
:103680001C042EF07302230CB1F80CE04C881204D9
:103690004EEA040E0C88120C2243164C43EA0E2309
:1036A000A0421FFA8CFC9BB20AD004F58064A042B1
:1036B00006D08968A0F804C08283C163038410BD6A
:1036C00023F4006ECB894C8A4EEA0323B1F810E054
:1036D0002CF4405C4EEA04044CEA04144FF6FF3E1E
:1036E0001FFA84FC8C8803EA0E0343EA042E1FFAB7
:1036F0008EF3DEE7000001400023C0E902330360DF
:1037000083800361704700BF038B23F0080213041A
:103710001A0C0A4302837047038B23F400621304DC
:103720001A0C42EA01211FFA81FCA0F818C0704768
:10373000838B23F0080213041A0C0A438283704718
:10374000002103E00A4B5B584350043109480A4BFF
:1037500042189A42F6D3094A02E0002342F8043B99
:10376000074B9A42F9D3FEF769FFFDF767FA7047F6
:10377000003E00080000002010020020100200207F
:1037800010690020FEE7000088420ED98B188342A2
:103790000BD900EB020C002A6ED0624613F801CD63
:1037A00002F801CD9942F9D170470F2A0FD803468C
:1037B00002F1FF3C002A5FD00CF1010C013B8C446C
:1037C00011F8012B03F8012F6145F9D1704740EA48
:1037D00001039B0751D1A2F1100370B501F1200C38
:1037E00023F00F0501F1100E00F11004AC441B0989
:1037F0005EF8105C44F8105C5EF80C5C44F80C5CFD
:103800005EF8085C44F8085C5EF8045C44F8045C0C
:103810000EF1100EE64504F11004E9D1013312F067
:103820000C0F01EB031102F00F0400EB031328D07F
:10383000043C24F003064FEA940C1E441C1F8E46E1
:103840005EF8045B44F8045FB442F9D10CF1010462
:1038500002F0030203EB840301EB840102F1FF3C5D
:103860004AB10CF1010C013B8C4411F8012B03F817
:10387000012F6145F9D170BD704702F1FF3C03464D
:103880009AE72246EAE700BF830730B547D0541EC7
:10389000002A3ED0CAB2034601E0013C39D303F806
:1038A000012B9D07F9D1032C2CD9CDB205EB0525B1
:1038B0000F2C05EB054535D9A4F1100222F00F0CB1
:1038C00003F1100EE6444FEA121C1A46C2E90055F5
:1038D000C2E9025510327245F8D10CF1010214F020
:1038E0000C0F03EB021204F00F0C13D0ACF1040325
:1038F00023F003030433134442F8045B9342FBD1E7
:103900000CF003042CB1C9B21C4403F8011BA34200
:10391000FBD130BD64461346002CF4D1F9E70346D1
:103920001446C0E71A46A446E0E700BF00000000C6
:103930000000000000000000C0390008B039000895
:1039400000000000A03900080000000090390008C5
:1039500000000000000000000000000080390008A6
:1039600000000000000000000000000070390008A6
:1039700000006200B400EC00FF00EC00B400620044
:103980002D009500E300FF00E30095002D000000EE
:10399000DDFF5500CD00FF00CD005500DDFF00002C
:1039A000BAFF1900B400FF00B4001900BAFF00000C
:1039B000EBFFCDFF7B00FF007B00CDFFEBFF0000A6
:1039C000ECFF2800C9FF4000FF004000C9FF2800AD
:1039D00000000000963007772C610EEEBA5109996D
:1039E00019C46D078FF46A7035A563E9A395649EC9
:1039F0003288DB0EA4B8DC791EE9D5E088D9D297ED
:103A00002B4CB609BD7CB17E072DB8E7911DBF9048
:103A10006410B71DF220B06A4871B9F3DE41BE846C
:103A20007DD4DA1AEBE4DD6D51B5D4F4C785D383C8
:103A300056986C13C0A86B647AF962FDECC9658A6C
:103A40004F5C0114D96C0663633D0FFAF50D088DC8
:103A5000C8206E3B5E10694CE44160D5727167A26C
:103A6000D1E4033C47D4044BFD850DD26BB50AA5C8
:103A7000FAA8B5356C98B242D6C9BBDB40F9BCACEC
:103A8000E36CD832755CDF45CF0DD6DC593DD1AB48
:103A9000AC30D9263A00DE518051D7C81661D0BF6C
:103AA000B5F4B42123C4B3569995BACF0FA5BDB8C8
:103AB0009EB802280888055FB2D90CC624E90BB16C
:103AC000877C6F2F114C6858AB1D61C13D2D66B6C8
:103AD0009041DC760671DB01BC20D2982A10D5EF2C
:103AE0008985B1711FB5B606A5E4BF9F33D4B8E888
:103AF000A2C9077834F9000F8EA8099618980EE12C
:103B0000BB0D6A7F2D3D6D08976C6491015C63E687
:103B1000F4516B6B62616C1CD83065854E0062F2AB
:103B2000ED95066C7BA5011BC1F4088257C40FF507
:103B3000C6D9B06550E9B712EAB8BE8B7C88B9FC2B
:103B4000DF1DDD62492DDA15F37CD38C654CD4FB87
:103B50005861B24DCE51B53A7400BCA3E230BBD42B
:103B600041A5DF4AD795D83D6DC4D1A4FBF4D6D387
:103B70006AE96943FCD96E34468867ADD0B860DA2B
:103B8000732D0444E51D03335F4C0AAAC97C0DDD87
:103B90003C710550AA41022710100BBE86200CC9AB
:103BA00025B56857B3856F2009D466B99FE461CE07
:103BB0000EF9DE5E98C9D9292298D0B0B4A8D7C72B
:103BC000173DB359810DB42E3B5CBDB7AD6CBAC087
:103BD0002083B8EDB6B3BF9A0CE2B6039AD2B174A3
:103BE0003947D5EAAF77D29D1526DB048316DC73FF
:103BF000120B63E3843B64943E6A6D0DA85A6A7AA3
:103C00000BCF0EE49DFF099327AE000AB19E077DFE
:103C100044930FF0D2A3088768F2011EFEC2066922
:103C20005D5762F7CB67658071366C19E7066B6E7E
:103C3000761BD4FEE02BD3895A7ADA10CC4ADD67A2
:103C40006FDFB9F9F9EFBE8E43BEB717D58EB060FE
:103C5000E8A3D6D67E93D1A1C4C2D83852F2DF4FA2
:103C6000F167BBD16757BCA6DD06B53F4B36B248FE
:103C7000DA2B0DD84C1B0AAFF64A0336607A0441A2
:103C8000C3EF60DF55DF67A8EF8E6E3179BE6946FE
:103C90008CB361CB1A8366BCA0D26F2536E2685222
:103CA00095770CCC03470BBBB91602222F2605557E
:103CB000BE3BBAC5280BBDB2925AB42B046AB35CA2
:103CC000A7FFD7C231CFD0B58B9ED92C1DAEDE5BFE
:103CD000B0C2649B26F263EC9CA36A750A936D02E2
:103CE000A906099C3F360EEB85670772135700053E
:103CF000824ABF95147AB8E2AE2BB17B381BB60C62
:103D00009B8ED2920DBED5E5B7EFDC7C21DFDB0BBD
:103D1000D4D2D38642E2D4F1F8B3DD686E83DA1FE1
:103D2000CD16BE815B26B9F6E177B06F7747B7183D
:103D3000E65A0888706A0FFFCA3B06665C0B0111E1
:103D4000FF9E658F69AE62F8D3FF6B6145CF6C163D
:103D500078E20AA0EED20DD75483044EC2B30339E1
:103D6000612667A7F71660D04D476949DB776E3E3D
:103D70004A6AD1AEDC5AD6D9660BDF40F03BD83761
:103D800053AEBCA9C59EBBDE7FCFB247E9FFB530BD
:103D90001CF2BDBD8AC2BACA3093B353A6A3B424E1
:103DA0000536D0BA9306D7CD2957DE54BF67D9233D
:103DB0002E7A66B3B84A61C4021B685D942B6F2AE1
:103DC00037BE0BB4A18E0CC31BDF055A8DEF022D3D
:103DD00000000000010203040102030406070809B1
:103DE000F8B500BFF8BC08BC9E467047F8B500BFE8
:103DF000F8BC08BC9E4670470000000000000000B0
:103E0000401F000000100000000032006400960017
:103E1000C800FA002C015E018F01C001F1012202ED
:103E200052028202B102E1020F033D036B039803C9
:103E3000C503F1031C04470471049B04C304EB0491
:103E4000130539055F058405A805CB05ED050E06AC
:103E50002F064E066C068A06A606C206DC06F50686
:103E60000E0725073B075007640776078807980762
:103E7000A707B507C207CE07D807E107E907F0078C
:103E8000F607FA07FD07FF070008FF07FD07FA0717
:103E9000F607F007E907E107D807CE07C207B5071D
:103EA000A707980788077607640750073B07250789
:103EB0000E07F506DC06C206A6068A066C064E0646
:103EC0002F060E06ED05CB05A80584055F0539050F
:103ED0001305EB04C3049B04710447041C04F103A1
:103EE000C50398036B033D030F03E102B102820295
:103EF00052022202F101C0018F015E012C01FA0081
:103F0000C8009600640032000000CEFF9CFF6AFFEC
:103F100038FF06FFD4FEA2FE71FE40FE0FFEDEFD5E
:103F2000AEFD7EFD4FFD1FFDF1FCC3FC95FC68FC62
:103F30003BFC0FFCE4FBB9FB8FFB65FB3DFB15FB7A
:103F4000EDFAC7FAA1FA7CFA58FA35FA13FAF2F93F
:103F5000D1F9B2F994F976F95AF93EF924F90BF945
:103F6000F2F8DBF8C5F8B0F89CF88AF878F868F849
:103F700059F84BF83EF832F828F81FF817F810F8FF
:103F80000AF806F803F801F800F801F803F806F853
:103F90000AF810F817F81FF828F832F83EF84BF82E
:103FA00059F868F878F88AF89CF8B0F8C5F8DBF8A2
:103FB000F2F80BF924F93EF95AF976F994F9B2F9C5
:103FC000D1F9F2F913FA35FA58FA7CFAA1FAC7FADC
:103FD000EDFA15FB3DFB65FB8FFBB9FBE4FB0FFC2A
:103FE0003BFC68FC95FCC3FCF1FC1FFD4FFD7EFD16
:103FF000AEFDDEFD0FFE40FE71FEA2FED4FE06FF0A
:1040000038FF6AFF9CFFCEFF0000000000000000A8
:040000050800374177
:00000001FF
